text,label,language,confidence_score
Emergency! Send fire truck to Mexico Square - fire in the basement.,Fire Force,,
Emergency! unconscious at Gas Station,Medical/Hospital,amharic,
Need police at Kebele 04 for burglary,Police,afaan_oromo,
Emergency! There is car theft happening at Bole Road.,Police,,
Help! something burning at Bole Road!,Fire Force,,
Police emergency! burglary at Adama Police Station,Police,amharic,
"Hello No emergency, just testing the app thanks",Other,,
"Hello, time check",Other,,
Emergency! There is a person with animal bite at CMC Condominium.,Medical/Hospital,,
Emergency! Please send paramedics to my Home: several injured people.,Medical/Hospital,,
Emergency! Someone has woman in labor at the Central Bank.,Medical/Hospital,,
Ibidda High School,Police,afaan_oromo,
"Fight with weapons, people injured at shopping mall",Police,,0.64
Emergency! Need an ambulance at Adama Market - woman in labor.,Medical/Hospital,,
Hi Checking in - good morning,Other,,
URGENT: explosion reported at a back alley.,Fire Force,,
Medical emergency at a back alley: heart attack.,Medical/Hospital,,
Emergency! There is car theft happening at the Gas Station.,Police,,
Medical emergency at Train Station: heart attack,Medical/Hospital,,0.96
Emergency! gas leak at Piazza,Fire Force,afaan_oromo,
Reporting person not breathing at the Main Road.,Medical/Hospital,,
Reporting violent fight at the Main Road.,Police,,
Police emergency! stabbing at the Bus Terminal.,Police,,
Emergency! Reporting explosion at the Train Station.,Fire Force,,
"Hello, is anyone there?",Other,,
Emergency medical assistance needed at the Central Bank for unconscious person.,Medical/Hospital,,
Emergency! Send police immediately to Summit - robbery in progress.,Police,,
Emergency! kitchen fire at Bole Road.,Fire Force,,
Emergency! There is fire in the basement happening at Adama Market.,Fire Force,,
Emergency! seizure at Main Road,Medical/Hospital,,0.77
Medical emergency at Train Station: poisoning,Medical/Hospital,,0.88
Emergency! Please send police to my Home for shooting.,Police,,
Fire emergency at an Apartment building - massive blaze,Fire Force,afaan_oromo,
"Emergency! Please send the fire force to the Hospital gate, there is warehouse fire.",Fire Force,,
Police emergency! assault at CMC Condominium,Police,,0.56
Need ambulance at Gas Station - head injury,Medical/Hospital,,0.66
URGENT police response needed: assault at Summit.,Police,,
"Hi there, thanks",Other,,
URGENT: poisoning at Gerji.,Medical/Hospital,,
አደጋ ደረሰ በMexico Square,Police,amharic,
Medical emergency! heavy bleeding at Mexico Square.,Medical/Hospital,,
Reporting gas leak at High School,Fire Force,,0.92
Emergency! Reporting riot at the main Factory.,Police,,
Reporting transformer fire at Central Bank,Fire Force,amharic,
Need ambulance at the Office - choking,Medical/Hospital,afaan_oromo,
Emergency! Please send police to the construction site for burglary.,Police,,
"Hi Hello, wrong number thanks",Other,,
Please send paramedics to the Office: head injury.,Medical/Hospital,,
Officer required at Summit: assault.,Police,,
Emergency medical assistance needed at a back alley for fainting spell.,Medical/Hospital,,
Emergency! Witnessed vandalism at Piazza.,Police,,
Help! something burning at the Train Station!,Fire Force,,
Officer required at Adama General Hospital: vandalism,Police,afaan_oromo,
Need police at Train Station for riot,Police,,0.85
Emergency! Please send police to Kebele 02 for drug dealing.,Police,,
Emergency! transformer fire at the Train Station.,Fire Force,,
Emergency! Reporting stabbing at Bole Road.,Police,,
Need firefighters at the Train Station for chemical fire.,Fire Force,,
Send police to Summit - harassment in progress,Police,afaan_oromo,
Medical emergency! unconscious person at the High School.,Medical/Hospital,,
Reporting vandalism at Piazza,Police,,0.96
Medical emergency at Sarbet: broken leg.,Medical/Hospital,,
Emergency! There is transformer fire happening at the Bus Terminal.,Fire Force,,
Hi Checking in - hi there please,Other,,
Emergency! There is something burning happening at the Gas Station.,Fire Force,,
Send fire truck to Kebele 04: brush fire,Fire Force,,0.79
Emergency! Please send police to Kebele 02 for robbery.,Police,,
There is warehouse fire happening at Mexico Square.,Fire Force,,
URGENT police response needed: kidnapping attempt at Bole Road.,Police,,
Send fire truck to Bus Terminal: kitchen fire,Fire Force,amharic,
Medical emergency at Adama Market: fainting,Medical/Hospital,amharic,
Emergency! There is gas leak happening at the Central Bank.,Fire Force,,
Emergency! Reporting inferno at Piazza.,Fire Force,,
Emergency! Need police at Sarbet - group with weapons.,Police,,
"Hello No emergency, just hi there",Other,,
Police emergency! stolen goods at Kazanchis,Police,amharic,
Officer required at Main Road: robbery,Police,,0.77
Person with head injury at Mexico Square,Medical/Hospital,amharic,
Need firefighters at High School for thick smoke,Fire Force,,0.91
Reporting person who fell at the Hospital gate.,Medical/Hospital,,
Fire emergency at Piazza - transformer fire,Fire Force,,0.91
Car accident with fire at University campus,Fire Force,,0.68
Reporting burning smell at construction site,Fire Force,,0.95
Car accident with fire at the Office,Fire Force,,0.58
Person with overdose at Sarbet,Medical/Hospital,,0.94
Ibidda Gerji,Police,afaan_oromo,
Help! transformer fire at the Hospital gate!,Fire Force,,
Person with car accident with injuries at CMC Condominium,Medical/Hospital,amharic,
Emergency! Witnessed armed suspect at an Apartment building.,Police,,
Just is anyone there,Other,,
Please send paramedics to Adama Market: overdose,Medical/Hospital,afaan_oromo,
Emergency! gas leak at Adama Police Station,Fire Force,,0.95
Send police immediately to Piazza - armed suspect in progress.,Police,,
Person with allergic reaction at Adama General Hospital,Medical/Hospital,amharic,
Send police to Atlas area - violent fight in progress,Police,,0.98
Need police at Main Road for car theft,Police,amharic,
Hi Just is anyone there please,Other,,
"Hey No emergency, just thank you please",Other,,
Emergency! Reporting robbery at Kazanchis.,Police,,
Emergency medical assistance needed at Kazanchis for poisoning.,Medical/Hospital,,
"Please send the fire force to the shopping mall, there is inferno.",Fire Force,,
Police emergency! stabbing at an Apartment building,Police,afaan_oromo,
Hello Checking in - hello please,Other,,
Please send police to Kebele 04 for car theft.,Police,,
Emergency! Need an ambulance at the Bus Terminal - collapsed person.,Medical/Hospital,,
Emergency! There is a person with unconscious person at Adama Market.,Medical/Hospital,,
Reporting burglary at Summit,Police,,0.96
Medical emergency at University campus: burn victim,Medical/Hospital,,0.83
Emergency! There is a person with heavy bleeding at Bole Road.,Medical/Hospital,,
Emergency! There is a person with broken leg at the Office.,Medical/Hospital,,
Emergency! Please send police to Adama Market for violent fight.,Police,,
Emergency! Reporting stabbing at the Train Station.,Police,,
Emergency! Need police at Adama Market - kidnapping attempt.,Police,,
"Hi No emergency, just time check",Other,,
Police emergency! shooting at High School,Police,afaan_oromo,
Emergency! Please send police to the Gas Station for group with weapons.,Police,,
Officer required at Central Bank: suspicious person,Police,,0.87
"No emergency, just is anyone there",Other,,
Hafuura baafachuu dadhabe Gas Station,Fire Force,afaan_oromo,
Need police at the University campus - armed suspect.,Police,,
"Emergency! Please send the fire force to the Central Bank, there is thick smoke.",Fire Force,,
Medical emergency at Kazanchis: car accident with injuries,Medical/Hospital,afaan_oromo,
Send police to Atlas area - riot in progress,Police,,0.86
Hi Checking in - time check thanks,Other,,
Emergency! Witnessed mugging at the main Factory.,Police,,
"Hi hello world, thanks thanks",Other,,
Need police at Kazanchis for stolen goods,Police,afaan_oromo,
URGENT: brush fire reported at Bole Road.,Fire Force,,
"Emergency! Please send the fire force to Kazanchis, there is something burning.",Fire Force,,
Checking in - hello world,Other,,
Reporting poisoning at CMC Condominium.,Medical/Hospital,,
Emergency! fire on the balcony at the Park.,Fire Force,,
Emergency! flames spreading at the High School.,Fire Force,,
Send police to Adama Market - stabbing in progress,Police,,0.72
Please send paramedics to Kebele 04: animal bite,Medical/Hospital,amharic,
Need firefighters at Main Road for huge flames,Fire Force,afaan_oromo,
Reporting robbery at Main Road,Police,,0.86
Send fire truck to Kebele 02: warehouse fire,Fire Force,,0.91
"Hello Hello, good morning",Other,,
URGENT: car accident with injuries at Summit.,Medical/Hospital,,
Emergency! Please send police to Sarbet for kidnapping attempt.,Police,,
Officer required at Kebele 04: armed suspect,Police,,0.91
Need ambulance at shopping mall - fainting,Medical/Hospital,amharic,
Emergency! Help! gas leak at the shopping mall!,Fire Force,,
Reporting burning smell at Kebele 04,Fire Force,amharic,
Send police to Atlas area - stolen goods in progress,Police,amharic,
Emergency! overdose at shopping mall,Medical/Hospital,amharic,
URGENT: breathing difficulty at the Bus Terminal.,Medical/Hospital,,
Officer required at the Office: riot.,Police,,
Witnessed stabbing at the Main Road.,Police,,
Emergency! Witnessed vandalism at Summit.,Police,,
Police emergency! harassment at Kazanchis,Police,amharic,
እርዳታ ያስፈልገኛል በCMC Condominium,Medical/Hospital,amharic,
Emergency medical assistance needed at Kebele 04 for heart attack.,Medical/Hospital,,
Need firefighters at Piazza for fire in the basement,Fire Force,afaan_oromo,
Emergency! Help! something burning at a back alley!,Fire Force,,
Emergency! Need police at my Home - shooting.,Police,,
Emergency! Officer required at CMC Condominium: assault.,Police,,
Reporting fainting spell at Gerji.,Medical/Hospital,,
Emergency! fire on the balcony at the University campus.,Fire Force,,
Balaan gahe Adama Market,Police,afaan_oromo,
"Fight with weapons, people injured at Kebele 04",Police,,0.69
Emergency! Reporting heavy bleeding at the Bus Terminal.,Medical/Hospital,,
Need police at CMC Condominium for riot,Police,amharic,
"Hey No emergency, just is anyone there",Other,,
Hi wrong number?,Other,,
Police emergency! group with weapons at the Office.,Police,,
Send fire truck to shopping mall: massive blaze,Fire Force,amharic,
Police emergency! domestic dispute at Central Bank,Police,amharic,
Emergency! Witnessed stolen goods at my Home.,Police,,
Hi Quick question: testing the app please,Other,,
"General question, thanks thanks",Other,,
Emergency! Witnessed mugging at Atlas area.,Police,,
"Emergency! Please send the fire force to the Park, there is small fire.",Fire Force,,
Quick question: how are you please,Other,,
"Fire in apartment, someone trapped at Piazza",Fire Force,,0.61
Hello Just general question thanks,Other,,
Fire emergency at Kebele 02 - kitchen fire,Fire Force,amharic,
Emergency! Reporting allergic reaction at the construction site.,Medical/Hospital,,
Need police at Kebele 04 for car theft,Police,,0.81
Need firefighters at Mexico Square for massive blaze,Fire Force,,0.91
Officer required at Bole Road: armed suspect.,Police,,
Emergency! Need an ambulance at the local Pharmacy - allergic reaction.,Medical/Hospital,,
"Hi hello world, thanks",Other,,
Medical emergency at Kazanchis: burn victim.,Medical/Hospital,,
General question,Other,,
Please send police to Gerji for domestic dispute.,Police,,
Medical emergency at the main Factory: overdose.,Medical/Hospital,,
Emergency! Help! smoke coming from the roof at the Bus Terminal!,Fire Force,,
Emergency! fire at Adama General Hospital,Fire Force,afaan_oromo,
Poolisiin na biliisa shopping mall,Medical/Hospital,afaan_oromo,
Emergency! burn victim at Central Bank,Medical/Hospital,afaan_oromo,
"Robbery, victim having heart attack at Piazza",Police,,0.56
Emergency! Please send paramedics to Kebele 02: poisoning.,Medical/Hospital,,
Need ambulance at an Apartment building - car accident with injuries,Medical/Hospital,amharic,
Send police to Central Bank - assault in progress,Police,,0.89
Send fire truck to Bus Terminal: something burning,Fire Force,amharic,
Emergency! Officer required at the main Factory: robbery.,Police,,
I see fire in the basement at the Hospital gate.,Fire Force,,
Emergency! There is explosion happening at the construction site.,Fire Force,,
Emergency! Send police immediately to my Home - kidnapping attempt in progress.,Police,,
URGENT: kitchen fire reported at the Central Bank.,Fire Force,,
Police emergency! violent fight at Adama Market.,Police,,
"No emergency, just good morning",Other,,
"Emergency! Please send the fire force to the Bus Terminal, there is smoke coming from the roof.",Fire Force,,
Need firefighters at Sarbet for massive blaze,Fire Force,amharic,
Medical emergency at Piazza: car accident with injuries,Medical/Hospital,amharic,
Medical emergency at shopping mall: choking,Medical/Hospital,,0.98
Emergency! burn victim at shopping mall,Medical/Hospital,,0.58
Please send paramedics to University campus: seizure,Medical/Hospital,amharic,
Emergency! explosion at Fire Station,Fire Force,amharic,
Emergency! Witnessed shooting at Adama Market.,Police,,
Car accident with fire at Bus Terminal,Fire Force,,0.57
Police emergency! domestic dispute at Summit,Police,,0.69
Emergency! burning smell at Kazanchis,Fire Force,,0.73
Send fire truck to High School: smoke coming from the roof,Fire Force,,0.87
Officer required at Summit: violent fight.,Police,,
Police emergency! group with weapons at Sarbet,Police,afaan_oromo,
Please send paramedics to High School: collapsed,Medical/Hospital,afaan_oromo,
Hospitaala nan barbaada Fire Station,Fire Force,afaan_oromo,
Hi Checking in - good morning please,Other,,
Emergency! Officer required at the shopping mall: kidnapping attempt.,Police,,
URGENT: massive blaze reported at Mexico Square.,Fire Force,,
Emergency! something burning at the Gas Station.,Fire Force,,
Send fire truck to Piazza: fire on the balcony,Fire Force,afaan_oromo,
Emergency! Reporting fire in the basement at a back alley.,Fire Force,,
Send police to Adama Market - stolen goods in progress,Police,,0.93
Reporting burglary at Kebele 02.,Police,,
Emergency! Witnessed harassment at the High School.,Police,,
Hello Checking in - how are you?,Other,,
Send police to High School - riot in progress,Police,amharic,
Emergency! I see kitchen fire at the construction site.,Fire Force,,
"Emergency! Please send the fire force to the Train Station, there is warehouse fire.",Fire Force,,
Need firefighters at Train Station for warehouse fire,Fire Force,,0.92
URGENT police response needed: suspicious person at Summit.,Police,,
Emergency! Please send police to my Home for mugging.,Police,,
Send fire truck to the Main Road - something burning.,Fire Force,,
Hello good morning please,Other,,
URGENT: huge flames reported at the Stadium.,Fire Force,,
"Emergency! Please send the fire force to the Train Station, there is smoke coming from the roof.",Fire Force,,
Need an ambulance at the main Factory - seizure.,Medical/Hospital,,
Emergency! Help! smoke coming from the roof at the Stadium!,Fire Force,,
Hello Quick question: hi there thanks,Other,,
Need police at Main Road for thief,Police,amharic,
"Hello world, thanks",Other,,
Hello Just time check,Other,,
Need police at Kebele 04 for shooting,Police,afaan_oromo,
Reporting fainting spell at the High School.,Medical/Hospital,,
Officer required at High School: robbery,Police,,0.97
Emergency! Need an ambulance at the Hospital gate - allergic reaction.,Medical/Hospital,,
Emergency! Officer required at the Bus Terminal: suspicious person.,Police,,
Need ambulance at Kebele 04 - breathing difficulty,Medical/Hospital,,0.89
Hey Quick question: just checking,Other,,
Hey This is system test thanks,Other,,J
"Hello No emergency, just is anyone there?",Other,,
Please send paramedics to the shopping mall: heart attack.,Medical/Hospital,,
ሰረቁኝ በUniversity campus,Fire Force,amharic,
URGENT: small fire reported at the Central Bank.,Fire Force,,
Emergency! Need police at the Stadium - stolen goods.,Police,,
Emergency! Need an ambulance at Gerji - stroke.,Medical/Hospital,,
Quick question: hello world thanks,Other,,
Medical emergency at the Central Bank: breathing difficulty.,Medical/Hospital,,
There is kitchen fire happening at the Hospital gate.,Fire Force,,
Officer required at Kazanchis: vandalism,Police,afaan_oromo,
Fire emergency at Summit - burning smell,Fire Force,,0.97
Reporting suspicious person at Main Road,Police,afaan_oromo,
Reporting thick smoke at the main Factory.,Fire Force,,
እርዳታ ያስፈልገኛል በHigh School,Medical/Hospital,amharic,
Emergency! Officer required at the Gas Station: burglary.,Police,,
Reporting burning smell at the High School.,Fire Force,,
Send fire truck to shopping mall: huge flames,Fire Force,,0.71
URGENT: fire on the balcony reported at Bole Road.,Fire Force,,
Need police at Gerji - harassment.,Police,,
Medical emergency at Atlas area: poisoning.,Medical/Hospital,,
Emergency! Help! fire on the balcony at the Central Bank!,Fire Force,,
Hi weather report?,Other,,
Need an ambulance at Gerji - car accident with injuries.,Medical/Hospital,,
"Gas leak, people unconscious at Kebele 04",Fire Force,,0.68
Reporting something burning at Kebele 02,Fire Force,amharic,
Police emergency! kidnapping attempt at a back alley.,Police,,
Emergency! Witnessed kidnapping attempt at CMC Condominium.,Police,,
"Hello No emergency, just hi there thanks",Other,,
Emergency! chemical fire at a back alley.,Fire Force,,
Need police at Piazza for vandalism,Police,,0.95
Emergency! Need an ambulance at the Park - unconscious person.,Medical/Hospital,,
Hey Checking in - hello,Other,,
Hi Quick question: app feedback?,Other,,
ሆስፒታል ያስፈልገኛል በSummit,Police,amharic,
"No emergency, just how are you",Other,,
Fire emergency at Fire Station - fire,Fire Force,,0.7
Need firefighters at Kebele 04 for thick smoke,Fire Force,amharic,
Medical emergency at the Bus Terminal: person not breathing.,Medical/Hospital,,
"Hello wrong number, thanks please",Other,,
"Please send the fire force to an Apartment building, there is burning smell.",Fire Force,,
Need ambulance at construction site - choking,Medical/Hospital,afaan_oromo,
እሳት ወጥቷል በBus Terminal,Police,amharic,
Emergency! woman in labor at an Apartment building,Medical/Hospital,afaan_oromo,
"Hey No emergency, just wrong number",Other,,
Emergency! I see massive blaze at Mexico Square.,Fire Force,,
"Hello, system test",Other,,
Emergency medical assistance needed at Mexico Square for person not breathing.,Medical/Hospital,,
Emergency! Officer required at the Main Road: harassment.,Police,,
"Emergency! Please send the fire force to the Gas Station, there is brush fire.",Fire Force,,
Officer required at construction site: break-in,Police,,0.45
Officer required at CMC Condominium: domestic dispute.,Police,,
Emergency! Send police immediately to Sarbet - armed suspect in progress.,Police,,
Police emergency! violent fight at Kebele 04,Police,amharic,
Quick question: general question,Other,,
"Hello, general question",Other,,
Officer required at Adama General Hospital: assault,Police,afaan_oromo,
Please send paramedics to Summit: unconscious,Medical/Hospital,,0.96
Please send paramedics to Piazza: car accident with injuries,Medical/Hospital,,0.73
Emergency! Send fire truck to the High School - fire on the balcony.,Fire Force,,
Need firefighters at the Office for something burning,Fire Force,amharic,
"Hi thank you, thanks",Other,,
"Kitchen fire, burn victim at the Office",Fire Force,,0.58
Emergency! gas leak at Adama General Hospital,Fire Force,amharic,
Emergency! Reporting smoke coming from the roof at the main Factory.,Fire Force,,
Emergency! Please send police to Piazza for stolen goods.,Police,,
Emergency! Need police at Mexico Square - thief.,Police,,
Send fire truck to Gas Station: fire on the balcony,Fire Force,afaan_oromo,
Emergency! gas leak at High School,Fire Force,,0.78
Emergency! Reporting overdose at the local Pharmacy.,Medical/Hospital,,
Police emergency! kidnapping attempt at Adama Market,Police,afaan_oromo,
Emergency! Need police at Bole Road - assault.,Police,,
Emergency! Need an ambulance at Bole Road - burn victim.,Medical/Hospital,,
Emergency! Someone has seizure at the main Factory.,Medical/Hospital,,
Emergency! Need an ambulance at my Home - person not breathing.,Medical/Hospital,,
URGENT police response needed: domestic dispute at the construction site.,Police,,
URGENT police response needed: violent fight at the Central Bank.,Police,,
Emergency! There is break-in happening at a back alley.,Police,,
Emergency! inferno at the shopping mall.,Fire Force,,
Reporting fire in the basement at Adama Market,Fire Force,,0.87
Officer required at Summit: stabbing,Police,amharic,
Send police to Central Bank - stabbing in progress,Police,amharic,
Please send paramedics to my Home: head injury.,Medical/Hospital,,
Emergency! Someone has poisoning at the High School.,Medical/Hospital,,
Need police at the Train Station - kidnapping attempt.,Police,,
Emergency! There is fire in the basement happening at the construction site.,Fire Force,,
"No emergency, just weather report please",Other,,
Emergency! Reporting choking incident at the local Pharmacy.,Medical/Hospital,,
Emergency! Reporting breathing difficulty at the Park.,Medical/Hospital,,
Police emergency! armed suspect at the Bus Terminal.,Police,,
እርዳታ ያስፈልገኛል በSarbet,Medical/Hospital,amharic,
Send fire truck to Summit: smoke coming from the roof,Fire Force,afaan_oromo,
Medical emergency at a back alley: breathing difficulty.,Medical/Hospital,,
Fire emergency at Adama General Hospital - electrical sparks,Fire Force,afaan_oromo,
Reporting huge flames at the Gas Station.,Fire Force,,
Emergency! fainting at Mexico Square,Medical/Hospital,amharic,
Reporting vandalism at the Hospital gate.,Police,,
Emergency medical assistance needed at the shopping mall for burn victim.,Medical/Hospital,,
Need police at Bus Terminal for break-in,Police,,0.89
Medical emergency! animal bite at Kazanchis.,Medical/Hospital,,
Emergency! Witnessed drug dealing at the main Factory.,Police,,
"Robbery, victim having heart attack at construction site",Police,,0.55
ፖሊስ ይደውሉልኝ በSummit,Police,amharic,
Emergency! Send fire truck to the Stadium - flames spreading.,Fire Force,,
Fire emergency at Fire Station - explosion,Fire Force,,0.89
URGENT police response needed: mugging at Sarbet.,Police,,
Police emergency! car theft at Summit.,Police,,
Emergency! Please send police to Sarbet for riot.,Police,,
Please send police to Kebele 04 for stabbing.,Police,,
Officer required at an Apartment building: suspicious person.,Police,,
Emergency! Send police immediately to Atlas area - car theft in progress.,Police,,
Emergency! massive blaze at the Main Road.,Fire Force,,
Need ambulance at Kebele 02 - breathing difficulty,Medical/Hospital,,0.85
"Hello Hello, good morning thanks",Other,,
Emergency! huge flames at Sarbet.,Fire Force,,
Emergency! Please send paramedics to a back alley: heart attack.,Medical/Hospital,,
Reporting drug dealing at Gerji.,Police,,
Reporting stolen goods at Gerji,Police,afaan_oromo,
"Fire in apartment, someone trapped at shopping mall",Fire Force,,0.67
URGENT: something burning reported at the construction site.,Fire Force,,
Send police immediately to the shopping mall - armed suspect in progress.,Police,,
Emergency! Officer required at Kebele 04: suspicious person.,Police,,
Fire emergency at Adama Police Station - fire,Fire Force,afaan_oromo,
Emergency! Reporting thick smoke at the High School.,Fire Force,,
"Hey Hello, hello?",Other,,
Please send paramedics to Kebele 02: car accident with injuries,Medical/Hospital,afaan_oromo,
Hey Quick question: is anyone there thanks,Other,,
Reporting electrical sparks at the local Pharmacy.,Fire Force,,
URGENT: heart attack at the main Factory.,Medical/Hospital,,
Need an ambulance at my Home - fainting spell.,Medical/Hospital,,
Medical emergency! poisoning at the Hospital gate.,Medical/Hospital,,
Hi there,Other,amharic,
Emergency! There is break-in happening at Mexico Square.,Police,,
Emergency! Need firefighters at the University campus for huge flames.,Fire Force,,
Police emergency! car theft at Sarbet,Police,afaan_oromo,
Send fire truck to University campus: transformer fire,Fire Force,amharic,
Hey hi there please,Other,,
Emergency! Send fire truck to the Gas Station - chemical fire.,Fire Force,,
Emergency! Please send paramedics to the Bus Terminal: seizure.,Medical/Hospital,,
Police emergency! burglary at Main Road,Police,amharic,
Thank you,Other,amharic,
Emergency! There is drug dealing happening at the shopping mall.,Police,,
Person with fainting at Kazanchis,Medical/Hospital,amharic,
Medical emergency at Main Road: head injury,Medical/Hospital,afaan_oromo,
Reporting thick smoke at Adama Police Station,Fire Force,afaan_oromo,
This is how are you,Other,,
Emergency! transformer fire at the Bus Terminal.,Fire Force,,
Emergency! I see thick smoke at the Gas Station.,Fire Force,,
Emergency! Reporting riot at the Bus Terminal.,Police,,
"Hello, weather report",Other,,
Emergency! Reporting drug dealing at the Park.,Police,,
Emergency! Send fire truck to Atlas area - explosion.,Fire Force,,
Reporting suspicious person at Bole Road.,Police,,
Emergency! explosion at shopping mall,Fire Force,amharic,
Police emergency! robbery at Gerji,Police,afaan_oromo,
Please send paramedics to the High School: collapsed person.,Medical/Hospital,,
"Hey No emergency, just hello please",Other,,
Emergency! Someone has car accident with injuries at the shopping mall.,Medical/Hospital,,
Poolisiin na biliisa Piazza,Police,afaan_oromo,
Emergency! Need firefighters at Summit for massive blaze.,Fire Force,,
URGENT: explosion reported at Adama Market.,Fire Force,,
Reporting stabbing at Main Road,Police,,0.87
Emergency! Send police immediately to Summit - break-in in progress.,Police,,
Need police at Mexico Square for mugging,Police,afaan_oromo,
Send fire truck to Kazanchis: thick smoke,Fire Force,amharic,
Emergency! There is robbery happening at the Office.,Police,,
Hi Quick question: good morning please,Other,,
Send police to shopping mall - group with weapons in progress,Police,,0.83
Medical emergency at Kazanchis: unconscious,Medical/Hospital,,0.79
Send fire truck to Fire Station: chemical fire,Fire Force,,0.85
Emergency! breathing difficulty at Fire Station,Medical/Hospital,,0.96
Just testing the app please,Other,,
Medical emergency at Bole Road: heart attack.,Medical/Hospital,,
ልቤ ይታመማል በCentral Bank,Police,amharic,
Send fire truck to Piazza: fire in the basement,Fire Force,amharic,
Officer required at Adama Market: suspicious person,Police,,0.55
Hospitaala nan barbaada High School,Police,afaan_oromo,
"Hey Hello, how to use this",Other,,
Medical emergency at shopping mall: car accident with injuries,Medical/Hospital,afaan_oromo,
Fire emergency at Piazza - fire in the basement,Fire Force,afaan_oromo,
Emergency! Officer required at Summit: harassment.,Police,,
Medical emergency at CMC Condominium: broken leg.,Medical/Hospital,,
"Hello No emergency, just how to use this please",Other,,
Person with heart attack at Adama Market,Medical/Hospital,,0.86
Please send police to an Apartment building for shooting.,Police,,
Hey This is time check?,Other,,
Medical emergency at Kebele 02: unconscious person.,Medical/Hospital,,
Send fire truck to Adama Market - smoke coming from the roof.,Fire Force,,
Please send paramedics to construction site: broken leg,Medical/Hospital,afaan_oromo,
I see transformer fire at Piazza.,Fire Force,,
Emergency! Need an ambulance at Piazza - car accident with injuries.,Medical/Hospital,,
Help! massive blaze at the Hospital gate!,Fire Force,,
Emergency! Officer required at an Apartment building: car theft.,Police,,
Reporting explosion at Mexico Square,Fire Force,afaan_oromo,
"How are you, thanks",Other,,
Please send paramedics to the Office: heart attack,Medical/Hospital,,0.88
Emergency! allergic reaction at Summit,Medical/Hospital,,0.91
Please send police to Gerji for break-in.,Police,,
"System test, thanks",Other,,
Need firefighters at construction site for massive blaze,Fire Force,afaan_oromo,
Emergency! Send police immediately to Piazza - violent fight in progress.,Police,,
Need ambulance at High School - broken leg,Medical/Hospital,afaan_oromo,
Fire emergency at Bus Terminal - burning smell,Fire Force,,0.98
Police emergency! burglary at Adama Market,Police,,0.74
Emergency! Someone has burn victim at a back alley.,Medical/Hospital,,
Fire emergency at Gerji - thick smoke,Fire Force,amharic,
Need police at Atlas area for group with weapons,Police,amharic,
URGENT police response needed: riot at Adama Market.,Police,,
Medical emergency! head injury at Kebele 02.,Medical/Hospital,,
Police emergency! stolen goods at Train Station,Police,,0.88
Emergency! explosion at University campus,Fire Force,afaan_oromo,
Medical emergency at Sarbet: broken leg,Medical/Hospital,afaan_oromo,
URGENT police response needed: domestic dispute at Kazanchis.,Police,,
Need firefighters at Kebele 04 for brush fire,Fire Force,amharic,
Emergency! thick smoke at Kebele 02.,Fire Force,,
Emergency! Reporting transformer fire at the Bus Terminal.,Fire Force,,
Please send paramedics to University campus: heart attack,Medical/Hospital,,0.72
URGENT police response needed: kidnapping attempt at CMC Condominium.,Police,,
Medical emergency at Piazza: woman in labor,Medical/Hospital,afaan_oromo,
Officer required at Main Road: suspicious person,Police,,0.85
Reporting fire at shopping mall,Fire Force,,0.7
Hello Checking in - is anyone there?,Other,,
Emergency! There is kitchen fire happening at the Park.,Fire Force,,
Reporting fire in the basement at the main Factory.,Fire Force,,
Need police at an Apartment building for burglary,Police,afaan_oromo,
Emergency! Reporting thief at Atlas area.,Police,,
Lapheen ni dhukkuba Summit,Fire Force,afaan_oromo,
"Emergency! Please send the fire force to the Main Road, there is gas leak.",Fire Force,,
Emergency! There is a person with seizure at Bole Road.,Medical/Hospital,,
Send police to Central Bank - break-in in progress,Police,afaan_oromo,
Need firefighters at Piazza for chemical fire,Fire Force,,0.88
"Hi how to use this, thanks?",Other,,
Emergency! Need an ambulance at the Central Bank - person who fell.,Medical/Hospital,,
Medical emergency at Mexico Square: person not breathing.,Medical/Hospital,,
Reporting flames spreading at Train Station,Fire Force,amharic,
Witnessed robbery at the Bus Terminal.,Police,,
Someone has fainting spell at the Office.,Medical/Hospital,,
Send police to Gerji - stolen goods in progress,Police,afaan_oromo,
Emergency medical assistance needed at Kazanchis for broken leg.,Medical/Hospital,,
Police emergency! assault at Bole Road.,Police,,
Hello weather report?,Other,,
Need firefighters at Mexico Square for fire,Fire Force,amharic,
Medical emergency at Sarbet: collapsed person.,Medical/Hospital,,
"Hello general question, thanks thanks",Other,,
"Emergency! Please send the fire force to the Train Station, there is fire in the basement.",Fire Force,,
Hello Just just checking?,Other,,
Medical emergency at Atlas area: several injured people.,Medical/Hospital,,
"Hey No emergency, just general question thanks",Other,,
Hi hi there?,Other,,
Hi This is thank you thanks,Other,,
Police emergency! assault at the High School.,Police,,
Need police at Kazanchis for mugging,Police,,0.93
Police emergency! mugging at the shopping mall.,Police,,
Emergency! Please send police to Kebele 04 for domestic dispute.,Police,,
Send fire truck to Sarbet: gas leak,Fire Force,afaan_oromo,
Emergency! Someone has unconscious person at Kebele 02.,Medical/Hospital,,
Hi Checking in - thank you thanks,Other,,
Emergency! Need an ambulance at the main Factory - choking incident.,Medical/Hospital,,
Medical emergency! heavy bleeding at the local Pharmacy.,Medical/Hospital,,
"Hello just checking, thanks thanks",Other,,
Need firefighters at Bus Terminal for electrical sparks,Fire Force,amharic,
Emergency! Send fire truck to the Office - brush fire.,Fire Force,,
Hello is anyone there?,Other,,
Police emergency! harassment at Piazza.,Police,,
There is assault happening at Sarbet.,Police,,
Need firefighters at Bus Terminal for brush fire,Fire Force,afaan_oromo,
Emergency! breathing difficulty at Central Bank,Medical/Hospital,afaan_oromo,
"Hello No emergency, just hello thanks",Other,,
Hi Just testing the app please,Other,,
እርዳታ ያስፈልገኛል በTrain Station,Police,amharic,
Reporting chemical fire at the University campus.,Fire Force,,
Need ambulance at Kazanchis - seizure,Medical/Hospital,afaan_oromo,
Emergency! There is smoke coming from the roof happening at the Stadium.,Fire Force,,
Checking in - system test,Other,,
Need police at Mexico Square for shooting,Police,amharic,
ልቤ ይታመማል በMexico Square,Medical/Hospital,amharic,
Officer required at Summit: stolen goods,Police,amharic,
Reporting riot at Mexico Square,Police,,0.8
"Kitchen fire, burn victim at University campus",Fire Force,,0.58
Reporting animal bite at my Home.,Medical/Hospital,,
Emergency! Reporting riot at CMC Condominium.,Police,,
Need ambulance at Kebele 02 - burn victim,Medical/Hospital,,0.92
URGENT police response needed: violent fight at Adama Market.,Police,,
Emergency! Officer required at Kebele 04: stabbing.,Police,,
URGENT: heavy bleeding at the Central Bank.,Medical/Hospital,,
Police emergency! thief at an Apartment building.,Police,,
"How to use this, thanks",Other,,
Please send paramedics to Adama Market: car accident with injuries,Medical/Hospital,amharic,
Fire emergency at Adama General Hospital - fire,Fire Force,amharic,
"Please send the fire force to the Central Bank, there is thick smoke.",Fire Force,,
"Hi, good morning",Other,,
"Hey Hi, how to use this",Other,,
Reporting robbery at Piazza,Police,afaan_oromo,
አደጋ ደረሰ በAdama General Hospital,Police,amharic,
Emergency! Need an ambulance at an Apartment building - several injured people.,Medical/Hospital,,
Emergency! Send fire truck to Gerji - chemical fire.,Fire Force,,
Emergency! Please send paramedics to Summit: poisoning.,Medical/Hospital,,
"No emergency, just hello?",Other,,
Medical emergency at Main Road: stroke,Medical/Hospital,amharic,
Is anyone there,Other,,
Send police to Kebele 02 - violent fight in progress,Police,amharic,
Need police at Piazza for kidnapping attempt,Police,,0.97
Hi how to use this please,Other,,
Officer required at Summit: domestic dispute,Police,amharic,
URGENT: burn victim at an Apartment building.,Medical/Hospital,,
Emergency! fire on the balcony at Fire Station,Fire Force,afaan_oromo,
There is a person with head injury at the High School.,Medical/Hospital,,
Police emergency! stolen goods at Bole Road.,Police,,
Hello This is how to use this please,Other,,
Medical emergency! poisoning at the University campus.,Medical/Hospital,,
Need ambulance at Bus Terminal - heart attack,Medical/Hospital,amharic,
Emergency! huge flames at the construction site.,Fire Force,,
Reporting harassment at Central Bank,Police,amharic,
Police emergency! kidnapping attempt at Bole Road.,Police,,
Emergency! Please send police to Kazanchis for drug dealing.,Police,,
Need firefighters at Mexico Square for transformer fire,Fire Force,,0.53
Checking in - hello,Other,,
Please send police to Adama Market for mugging.,Police,,
Medical emergency at the Gas Station: fainting spell.,Medical/Hospital,,
Emergency! Someone has allergic reaction at Adama Market.,Medical/Hospital,,
እርዳታ ያስፈልገኛል በKazanchis,Police,amharic,
Emergency! broken leg at Adama General Hospital,Medical/Hospital,amharic,
Emergency! Someone has several injured people at Adama Market.,Medical/Hospital,,
Emergency! I see thick smoke at CMC Condominium.,Fire Force,,
Emergency! Send fire truck to an Apartment building - smoke coming from the roof.,Fire Force,,
Reporting smoke coming from the roof at Train Station,Fire Force,,0.89
Emergency! Send police immediately to Mexico Square - car theft in progress.,Police,,
Lapheen ni dhukkuba Bus Terminal,Police,afaan_oromo,
"Hello Hello, is anyone there thanks",Other,,
"Emergency! Please send the fire force to the Bus Terminal, there is fire on the balcony.",Fire Force,,
Person with poisoning at Kebele 02,Medical/Hospital,,0.68
Emergency! Send fire truck to the Bus Terminal - explosion.,Fire Force,,
"Fire in apartment, someone trapped at Central Bank",Fire Force,,0.56
Emergency! There is warehouse fire happening at Piazza.,Fire Force,,
Hey Quick question: testing the app please,Other,,
Emergency! Reporting mugging at Summit.,Police,,
Need firefighters at Adama Police Station for smoke coming from the roof,Fire Force,amharic,
Medical emergency at Adama Police Station: woman in labor,Medical/Hospital,,0.69
Need firefighters at Adama Police Station for fire in the basement,Fire Force,afaan_oromo,
URGENT: breathing difficulty at the Gas Station.,Medical/Hospital,,
Medical emergency at the main Factory: person who fell.,Medical/Hospital,,
Reporting violent fight at Central Bank,Police,,0.91
URGENT: unconscious person at Bole Road.,Medical/Hospital,,
Emergency! Reporting massive blaze at the Park.,Fire Force,,
Emergency! There is violent fight happening at Summit.,Police,,
Emergency! Need an ambulance at the Stadium - person who fell.,Medical/Hospital,,
"Emergency! Please send the fire force to Bole Road, there is burning smell.",Fire Force,,
How are you please,Other,,
Emergency! Send police immediately to Piazza - harassment in progress.,Police,,
Emergency medical assistance needed at the local Pharmacy for choking incident.,Medical/Hospital,,
Emergency! Help! kitchen fire at the Gas Station!,Fire Force,,
Police emergency! stolen goods at Piazza,Police,amharic,
Reporting collapsed person at the Main Road.,Medical/Hospital,,
Police emergency! shooting at Mexico Square,Police,afaan_oromo,
Emergency! Reporting massive blaze at the University campus.,Fire Force,,
Officer required at Main Road: assault,Police,,0.92
Officer required at Gerji: violent fight,Police,afaan_oromo,
Emergency! There is fire in the basement happening at the Bus Terminal.,Fire Force,,
"Hey time check, thanks please",Other,,
Person with unconscious at Kebele 02,Medical/Hospital,amharic,
Reporting stabbing at Kazanchis.,Police,,
Emergency! Send police immediately to the main Factory - violent fight in progress.,Police,,
Domestic violence with injuries at Piazza,Police,,0.68
Someone has poisoning at Piazza.,Medical/Hospital,,
Emergency! Reporting breathing difficulty at the University campus.,Medical/Hospital,,
Police emergency! riot at an Apartment building,Police,,0.97
Reporting car theft at Piazza,Police,afaan_oromo,
Emergency! There is stabbing happening at the local Pharmacy.,Police,,
Emergency! There is transformer fire happening at my Home.,Fire Force,,
Police emergency! stabbing at Atlas area,Police,,0.86
Emergency! Reporting poisoning at the Main Road.,Medical/Hospital,,
Send fire truck to Fire Station: warehouse fire,Fire Force,afaan_oromo,
"Emergency! Please send the fire force to the construction site, there is flames spreading.",Fire Force,,
Hafuura baafachuu dadhabe Kebele 04,Fire Force,afaan_oromo,
Emergency! heart attack at Gas Station,Medical/Hospital,afaan_oromo,
Emergency! smoke coming from the roof at Summit,Fire Force,,0.79
Reporting suspicious person at Mexico Square,Police,,0.87
Emergency! Someone has person not breathing at a back alley.,Medical/Hospital,,
Need ambulance at Mexico Square - broken leg,Medical/Hospital,amharic,
Reporting warehouse fire at construction site,Fire Force,amharic,
Hatte construction site,Police,afaan_oromo,
Need firefighters at Bus Terminal for huge flames,Fire Force,,0.91
Emergency! There is a person with several injured people at Kebele 02.,Medical/Hospital,,
Reporting something burning at Kebele 04,Fire Force,,0.95
Reporting smoke coming from the roof at the Office,Fire Force,afaan_oromo,
Need firefighters at Adama General Hospital for warehouse fire,Fire Force,,0.88
Emergency! seizure at Mexico Square,Medical/Hospital,afaan_oromo,
Emergency! Someone has head injury at Kebele 02.,Medical/Hospital,,
Emergency medical assistance needed at Piazza for stroke.,Medical/Hospital,,
Emergency! Reporting breathing difficulty at the High School.,Medical/Hospital,,
Emergency! Please send police to Gerji for vandalism.,Police,,
Officer required at the Office: violent fight.,Police,,
Please send paramedics to an Apartment building: allergic reaction.,Medical/Hospital,,
Need ambulance at an Apartment building - overdose,Medical/Hospital,,0.96
Officer required at Kebele 04: suspicious person,Police,,0.91
Hi Just hello?,Other,,
Person with overdose at Kazanchis,Medical/Hospital,afaan_oromo,
"Emergency! Please send the fire force to an Apartment building, there is warehouse fire.",Fire Force,,
Officer required at Train Station: suspicious person,Police,afaan_oromo,
Send police to Mexico Square - stolen goods in progress,Police,amharic,
Send fire truck to Kebele 04: kitchen fire,Fire Force,amharic,
Emergency! Need firefighters at the shopping mall for fire on the balcony.,Fire Force,,
Emergency! Please send police to the shopping mall for robbery.,Police,,
Police emergency! violent fight at Gerji.,Police,,
"Hi, general question",Other,,
Need firefighters at shopping mall for thick smoke,Fire Force,amharic,
አደጋ ደረሰ በconstruction site,Medical/Hospital,amharic,
"Hello Hello, how to use this thanks",Other,,
URGENT police response needed: suspicious person at the University campus.,Police,,
Emergency medical assistance needed at Bole Road for choking incident.,Medical/Hospital,,
Emergency! smoke coming from the roof at Kebele 02,Fire Force,amharic,
Medical emergency at Gerji: overdose.,Medical/Hospital,,
Need ambulance at Gerji - head injury,Medical/Hospital,,0.97
Reporting stolen goods at an Apartment building,Police,,0.93
Witnessed domestic dispute at the local Pharmacy.,Police,,
Medical emergency at Kazanchis: breathing difficulty.,Medical/Hospital,,
Send police to Summit - riot in progress,Police,afaan_oromo,
There is thick smoke happening at Adama Market.,Fire Force,,
Medical emergency at Mexico Square: head injury.,Medical/Hospital,,
"No emergency, just how to use this",Other,,
Send fire truck to Adama General Hospital: chemical fire,Fire Force,amharic,
Please send paramedics to an Apartment building: fainting,Medical/Hospital,amharic,
Hey Checking in - how to use this thanks,Other,,
Emergency! Someone has burn victim at Gerji.,Medical/Hospital,,
Medical emergency at Adama Market: heart attack.,Medical/Hospital,,
"Hello, just checking please",Other,,
Medical emergency at Kebele 02: poisoning,Medical/Hospital,,0.73
"Hi thank you, thanks please",Other,,
Please send paramedics to CMC Condominium: seizure,Medical/Hospital,afaan_oromo,
Emergency! warehouse fire at Train Station,Fire Force,afaan_oromo,
"Emergency! Please send the fire force to the High School, there is gas leak.",Fire Force,,
"Emergency! Please send the fire force to the Stadium, there is brush fire.",Fire Force,,
Emergency! brush fire at my Home.,Fire Force,,
Police emergency! violent fight at Central Bank,Police,,0.86
Need ambulance at the Office - unconscious,Medical/Hospital,amharic,
ልቤ ይታመማል በan Apartment building,Medical/Hospital,amharic,
Need firefighters at Gerji for burning smell,Fire Force,amharic,
Medical emergency! fainting spell at CMC Condominium.,Medical/Hospital,,
Officer required at the shopping mall: violent fight.,Police,,
Emergency! bleeding at CMC Condominium,Medical/Hospital,amharic,
Emergency! inferno at Piazza,Fire Force,afaan_oromo,
Emergency! choking at Bus Terminal,Medical/Hospital,amharic,
Emergency! overdose at High School,Medical/Hospital,,0.95
Emergency! Need firefighters at Bole Road for transformer fire.,Fire Force,,
"Hey Hi, hello world please",Other,,
Emergency! Please send paramedics to the Hospital gate: person not breathing.,Medical/Hospital,,
Emergency! allergic reaction at Main Road,Medical/Hospital,afaan_oromo,
"Please send the fire force to the Main Road, there is gas leak.",Fire Force,,
URGENT: seizure at an Apartment building.,Medical/Hospital,,
Emergency! Send fire truck to the Central Bank - chemical fire.,Fire Force,,
URGENT: stroke at a back alley.,Medical/Hospital,,
Please send paramedics to the Train Station: overdose.,Medical/Hospital,,
Checking in - testing the app,Other,,
Quick question: is anyone there,Other,,
Need firefighters at Adama Market for kitchen fire,Fire Force,afaan_oromo,
Emergency! warehouse fire at an Apartment building,Fire Force,amharic,
Send fire truck to Adama General Hospital: massive blaze,Fire Force,,0.89
Emergency! Please send police to Summit for burglary.,Police,,
Officer required at Adama General Hospital: mugging,Police,amharic,
Reporting warehouse fire at High School,Fire Force,,0.96
"Hi, hello world please",Other,,
Medical emergency at Kebele 02: animal bite,Medical/Hospital,amharic,
Emergency! There is a person with stroke at the Central Bank.,Medical/Hospital,,
"Please send the fire force to the Office, there is flames spreading.",Fire Force,,
Emergency! brush fire at University campus,Fire Force,,0.85
Emergency! There is a person with woman in labor at the Central Bank.,Medical/Hospital,,
Send police to Summit - thief in progress,Police,amharic,
Emergency! Reporting thief at an Apartment building.,Police,,
Emergency! burn victim at High School,Medical/Hospital,afaan_oromo,
Hey just checking?,Other,,
Just hello,Other,,
Just just checking,Other,,
Need firefighters at Bole Road for massive blaze.,Fire Force,,
Emergency! Please send police to the Central Bank for domestic dispute.,Police,,
"Please send the fire force to the Park, there is explosion.",Fire Force,,
Emergency! animal bite at Main Road,Medical/Hospital,,0.77
Need police at Train Station for car theft,Police,,0.87
Need ambulance at Fire Station - poisoning,Medical/Hospital,,0.97
Fire emergency at Main Road - fire,Fire Force,,0.92
"Hello No emergency, just good morning please",Other,,
Need firefighters at Gas Station for huge flames,Fire Force,afaan_oromo,
Hey Quick question: thank you,Other,,
Reporting kitchen fire at High School,Fire Force,amharic,
Emergency! Need police at Kazanchis - drug dealing.,Police,,
Medical emergency at Adama Police Station: allergic reaction,Medical/Hospital,afaan_oromo,
Emergency! Send fire truck to the local Pharmacy - explosion.,Fire Force,,
URGENT: poisoning at the main Factory.,Medical/Hospital,,
Quick question: good morning,Other,,
Police emergency! riot at Summit.,Police,,
Emergency! Please send police to the Park for shooting.,Police,,
Person with overdose at Adama General Hospital,Medical/Hospital,amharic,
"Hello Hello, hello thanks",Other,,
Police emergency! domestic dispute at the Train Station.,Police,,
Gargaarsa nan barbaada University campus,Medical/Hospital,afaan_oromo,
Fire emergency at University campus - something burning,Fire Force,afaan_oromo,
Medical emergency at Mexico Square: stroke.,Medical/Hospital,,
Ibidda Kazanchis,Medical/Hospital,afaan_oromo,
Medical emergency! animal bite at CMC Condominium.,Medical/Hospital,,
Emergency! transformer fire at High School,Fire Force,,0.6
"Kitchen fire, burn victim at Adama Police Station",Fire Force,,0.59
Send police to Train Station - stolen goods in progress,Police,afaan_oromo,
Emergency! heart attack at Central Bank,Medical/Hospital,,0.97
Medical emergency at High School: fainting,Medical/Hospital,,0.91
Emergency! Officer required at Bole Road: shooting.,Police,,
Send fire truck to Central Bank: massive blaze,Fire Force,,0.68
Emergency! Send police immediately to Mexico Square - suspicious person in progress.,Police,,
Officer required at Gerji: group with weapons,Police,,0.97
Emergency! heart attack at Kebele 04,Medical/Hospital,afaan_oromo,
Emergency! Reporting car accident with injuries at the Central Bank.,Medical/Hospital,,
"Hi No emergency, just how are you please",Other,,
Medical emergency at the Office: bleeding,Medical/Hospital,amharic,
Emergency! I see flames spreading at the main Factory.,Fire Force,,
Need firefighters at High School for massive blaze,Fire Force,afaan_oromo,
Officer required at Adama Market: vandalism,Police,,0.97
There is burglary happening at Kebele 04.,Police,,
Need police at Adama Market for vandalism,Police,afaan_oromo,
Emergency! Need firefighters at the Hospital gate for kitchen fire.,Fire Force,,
Medical emergency at the Train Station: unconscious person.,Medical/Hospital,,
እርዳታ ያስፈልገኛል በPiazza,Police,amharic,
How are you?,Other,,
Reporting brush fire at Main Road,Fire Force,amharic,
Officer required at the Gas Station: assault.,Police,,
Reporting drug dealing at Kebele 04,Police,afaan_oromo,
Medical emergency at Gas Station: allergic reaction,Medical/Hospital,,0.91
Emergency! Reporting thick smoke at the Train Station.,Fire Force,,
Emergency! breathing difficulty at Gerji,Medical/Hospital,amharic,
Poolisiin na biliisa Train Station,Medical/Hospital,afaan_oromo,
Police emergency! shooting at CMC Condominium,Police,afaan_oromo,
Need ambulance at Gas Station - broken leg,Medical/Hospital,,0.91
Need an ambulance at the Main Road - collapsed person.,Medical/Hospital,,
Need firefighters at Bus Terminal for inferno,Fire Force,afaan_oromo,
Balaan gahe Summit,Police,afaan_oromo,
Officer required at CMC Condominium: shooting,Police,afaan_oromo,
"Hey Hello, how to use this?",Other,,
There is explosion happening at Adama Market.,Fire Force,,
Checking in - testing the app?,Other,,
Emergency! Need police at a back alley - drug dealing.,Police,,
Emergency! There is something burning happening at Adama Market.,Fire Force,,
URGENT: breathing difficulty at the Office.,Medical/Hospital,,
Reporting robbery at Adama Market,Police,,0.94
Send police to Atlas area - thief in progress,Police,amharic,
Need police at an Apartment building - vandalism.,Police,,
Checking in - time check,Other,,
URGENT police response needed: stolen goods at the shopping mall.,Police,,
Reporting thief at Kazanchis,Police,amharic,
Officer required at Mexico Square: domestic dispute,Police,,0.81
Police emergency! break-in at Adama Market,Police,,0.66
Emergency medical assistance needed at Kazanchis for collapsed person.,Medical/Hospital,,
Hey This is just checking thanks,Other,,
Officer required at Kebele 04: burglary,Police,,0.97
URGENT: seizure at Summit.,Medical/Hospital,,
Send fire truck to Adama General Hospital: fire,Fire Force,amharic,
URGENT police response needed: vandalism at Gerji.,Police,,
Emergency! huge flames at the Office,Fire Force,,0.9
"Emergency! Please send the fire force to the Bus Terminal, there is something burning.",Fire Force,,
Emergency! Need firefighters at Gerji for inferno.,Fire Force,,
Please send police to my Home for suspicious person.,Police,,
Hi time check please,Other,,
Officer required at Main Road: shooting,Police,afaan_oromo,
Person with woman in labor at Gerji,Medical/Hospital,amharic,
Officer required at Central Bank: robbery,Police,amharic,
Send police to Fire Station - mugging in progress,Police,,0.96
Send fire truck to the University campus - kitchen fire.,Fire Force,,
Please send paramedics to Summit: animal bite.,Medical/Hospital,,
Police emergency! riot at Kebele 04,Police,amharic,
Emergency! overdose at Kebele 04,Medical/Hospital,afaan_oromo,
I see explosion at my Home.,Fire Force,,
"No emergency, just app feedback",Other,,
Ibidda Kebele 04,Fire Force,afaan_oromo,
Checking in - just checking,Other,,
Emergency! There is fire in the basement happening at the Hospital gate.,Fire Force,,
Emergency! Send police immediately to Kebele 04 - break-in in progress.,Police,,
እርዳታ ያስፈልገኛል በCentral Bank,Medical/Hospital,amharic,
Medical emergency at University campus: collapsed,Medical/Hospital,amharic,
Emergency! There is a person with choking incident at Kebele 04.,Medical/Hospital,,
አደጋ ደረሰ በBus Terminal,Police,amharic,
Police emergency! domestic dispute at Kazanchis,Police,,0.52
Emergency! Please send police to Piazza for violent fight.,Police,,
Please send police to the University campus for mugging.,Police,,
URGENT: thick smoke reported at the Stadium.,Fire Force,,
Need police at Summit for robbery,Police,,0.92
Need ambulance at Adama Market - seizure,Medical/Hospital,,0.88
Reporting massive blaze at the High School.,Fire Force,,
URGENT police response needed: violent fight at Kazanchis.,Police,,
Fire emergency at Central Bank - fire,Fire Force,afaan_oromo,
Need police at Kebele 04 for suspicious person,Police,amharic,
Emergency! There is a person with car accident with injuries at the University campus.,Medical/Hospital,,
URGENT police response needed: group with weapons at the Central Bank.,Police,,
Person with overdose at CMC Condominium,Medical/Hospital,amharic,
Emergency! Need police at my Home - stabbing.,Police,,
Emergency! Someone has collapsed person at the Gas Station.,Medical/Hospital,,
Emergency! Reporting animal bite at Atlas area.,Medical/Hospital,,
Emergency! There is burglary happening at the Bus Terminal.,Police,,
URGENT: thick smoke reported at Bole Road.,Fire Force,,
Need police at Adama Market for robbery,Police,afaan_oromo,
"Robbery, victim having heart attack at Sarbet",Police,,0.74
Emergency! Send police immediately to the Park - suspicious person in progress.,Police,,
URGENT police response needed: car theft at the shopping mall.,Police,,
Fire emergency at Main Road - electrical sparks,Fire Force,amharic,
Reporting burn victim at the main Factory.,Medical/Hospital,,
Just hello world please,Other,,
Need firefighters at Piazza for gas leak,Fire Force,amharic,
Reporting riot at Adama Market,Police,,0.7
Emergency! Need an ambulance at the Stadium - choking incident.,Medical/Hospital,,
URGENT: choking incident at Kazanchis.,Medical/Hospital,,
Send fire truck to shopping mall: thick smoke,Fire Force,amharic,
Emergency! Need firefighters at the Park for thick smoke.,Fire Force,,
URGENT police response needed: robbery at Bole Road.,Police,,
Police emergency! riot at the Bus Terminal.,Police,,
Person bleeding after stabbing at CMC Condominium,Medical/Hospital,,0.59
Officer required at Sarbet: stabbing.,Police,,
Emergency! Please send police to my Home for assault.,Police,,
"Hi app feedback, thanks",Other,,
Reporting riot at Gas Station,Police,afaan_oromo,
There is flames spreading happening at the Train Station.,Fire Force,,
Emergency! Need firefighters at the Main Road for huge flames.,Fire Force,,
Send police immediately to an Apartment building - kidnapping attempt in progress.,Police,,
Emergency! Need firefighters at Adama Market for explosion.,Fire Force,,
Emergency! Witnessed armed suspect at the shopping mall.,Police,,
Reporting inferno at Train Station,Fire Force,amharic,
Fire emergency at Kazanchis - gas leak,Fire Force,,0.97
Emergency! Officer required at the construction site: armed suspect.,Police,,
Need firefighters at an Apartment building for explosion,Fire Force,,0.94
"Hi, how to use this",Other,,
Emergency! fire on the balcony at Central Bank,Fire Force,afaan_oromo,
Medical emergency at Gerji: bleeding,Medical/Hospital,afaan_oromo,
Emergency! Reporting electrical sparks at the construction site.,Fire Force,,
Officer required at High School: thief,Police,amharic,
This is hello world,Other,,
Fire emergency at Adama Police Station - inferno,Fire Force,,0.94
Emergency! gas leak at Fire Station,Fire Force,,0.95
Reporting woman in labor at Summit.,Medical/Hospital,,
Officer required at Kebele 02: break-in,Police,amharic,
Quick question: how to use this,Other,,
Person with broken leg at Main Road,Medical/Hospital,,0.87
"Hello, hello world",Other,,
Emergency! Someone has person who fell at the shopping mall.,Medical/Hospital,,
Medical emergency! choking incident at the Office.,Medical/Hospital,,
Hey Just just checking?,Other,,
"Please send the fire force to Piazza, there is gas leak.",Fire Force,,
Emergency! Need an ambulance at an Apartment building - heart attack.,Medical/Hospital,,
Emergency! Send fire truck to Kazanchis - smoke coming from the roof.,Fire Force,,
"Emergency! Please send the fire force to the Central Bank, there is explosion.",Fire Force,,
Emergency! Officer required at the Park: violent fight.,Police,,
Police emergency! group with weapons at Main Road,Police,,0.88
Just good morning,Other,,
Emergency! Please send paramedics to a back alley: person not breathing.,Medical/Hospital,,
Person with fainting at Bus Terminal,Medical/Hospital,,0.96
"Fight with weapons, people injured at Sarbet",Police,,0.64
Emergency! Send police immediately to the Train Station - riot in progress.,Police,,
Medical emergency at Bus Terminal: collapsed,Medical/Hospital,,0.96
Wrong number,Other,,
Emergency! Reporting electrical sparks at the Hospital gate.,Fire Force,,
Emergency! Help! fire on the balcony at Atlas area!,Fire Force,,
Emergency! Officer required at Kazanchis: stolen goods.,Police,,
This is just checking?,Other,,
URGENT: heavy bleeding at CMC Condominium.,Medical/Hospital,,
Need police at Adama Market for violent fight,Police,afaan_oromo,
Need ambulance at Kebele 02 - seizure,Medical/Hospital,afaan_oromo,
Need ambulance at Fire Station - allergic reaction,Medical/Hospital,amharic,
"Emergency! Please send the fire force to the shopping mall, there is huge flames.",Fire Force,,
Reporting mugging at Adama Market,Police,,0.89
Need ambulance at Kebele 02 - choking,Medical/Hospital,amharic,
Medical emergency at the Hospital gate: heavy bleeding.,Medical/Hospital,,
Fire emergency at construction site - brush fire,Fire Force,amharic,
Testing the app?,Other,,
Person with stroke at shopping mall,Medical/Hospital,,0.94
Police emergency! group with weapons at Kebele 02,Police,amharic,
Reporting chemical fire at Mexico Square,Fire Force,,0.93
Emergency! Need firefighters at the Stadium for gas leak.,Fire Force,,
"Emergency! Please send the fire force to the University campus, there is fire on the balcony.",Fire Force,,
Just wrong number,Other,,
Someone has breathing difficulty at Adama Market.,Medical/Hospital,,
URGENT: electrical sparks reported at the University campus.,Fire Force,,
Emergency! massive blaze at High School,Fire Force,,0.47
Need ambulance at Train Station - head injury,Medical/Hospital,,0.9
Fire emergency at Mexico Square - warehouse fire,Fire Force,afaan_oromo,
Emergency! explosion at Adama General Hospital,Fire Force,,0.94
URGENT: collapsed person at the Bus Terminal.,Medical/Hospital,,
Fire emergency at Train Station - something burning,Fire Force,amharic,
Emergency medical assistance needed at the Main Road for poisoning.,Medical/Hospital,,
Emergency! Send fire truck to the main Factory - thick smoke.,Fire Force,,
Emergency! There is break-in happening at my Home.,Police,,
Emergency! brush fire at shopping mall,Fire Force,amharic,
Emergency! bleeding at Fire Station,Medical/Hospital,,0.95
Emergency! There is burglary happening at Adama Market.,Police,,
Police emergency! domestic dispute at Atlas area,Police,afaan_oromo,
"No emergency, just time check",Other,,
Officer required at High School: armed suspect,Police,afaan_oromo,
Send fire truck to Adama Market - inferno.,Fire Force,,
Need ambulance at Adama Police Station - head injury,Medical/Hospital,afaan_oromo,
"Hello Hi, weather report?",Other,,
Send police to CMC Condominium - burglary in progress,Police,afaan_oromo,
There is a person with fainting spell at the Bus Terminal.,Medical/Hospital,,
Emergency! massive blaze at the Office,Fire Force,,0.75
Help! fire on the balcony at the Train Station!,Fire Force,,
Reporting flames spreading at Gerji,Fire Force,afaan_oromo,
Emergency! something burning at Gas Station,Fire Force,afaan_oromo,
Please send paramedics to High School: animal bite,Medical/Hospital,afaan_oromo,
Please send paramedics to High School: bleeding,Medical/Hospital,,0.89
Checking in - general question,Other,,
Fire emergency at Piazza - fire on the balcony,Fire Force,afaan_oromo,
URGENT: animal bite at the Park.,Medical/Hospital,,
"Emergency! Please send the fire force to the University campus, there is something burning.",Fire Force,,
Fire emergency at Fire Station - electrical sparks,Fire Force,,0.93
There is thick smoke happening at the Bus Terminal.,Fire Force,,
Checking in - hello?,Other,,
Balaan gahe construction site,Medical/Hospital,afaan_oromo,
Someone has poisoning at Adama Market.,Medical/Hospital,,
Reporting fire on the balcony at Central Bank,Fire Force,,0.91
Please send paramedics to Bus Terminal: broken leg,Medical/Hospital,amharic,
Medical emergency! overdose at Atlas area.,Medical/Hospital,,
Send fire truck to Mexico Square - kitchen fire.,Fire Force,,
"No emergency, just good morning?",Other,,
Emergency! Need police at the Central Bank - shooting.,Police,,
Hey Checking in - hello world?,Other,,
Fire emergency at shopping mall - electrical sparks,Fire Force,afaan_oromo,
Hi Just is anyone there?,Other,,
Reporting car theft at Gas Station,Police,amharic,
Emergency! Send fire truck to Atlas area - thick smoke.,Fire Force,,
There is mugging happening at Kazanchis.,Police,,
Reporting harassment at Mexico Square,Police,amharic,
Please send paramedics to the Office: allergic reaction,Medical/Hospital,afaan_oromo,
Medical emergency at Bus Terminal: burn victim,Medical/Hospital,,0.88
Send police to Mexico Square - violent fight in progress,Police,,0.77
Need firefighters at Adama General Hospital for fire in the basement,Fire Force,,0.55
Please send paramedics to shopping mall: animal bite,Medical/Hospital,afaan_oromo,
Person with car accident with injuries at Kebele 02,Medical/Hospital,amharic,
Emergency! fire in the basement at Kebele 04,Fire Force,afaan_oromo,
Emergency! Witnessed kidnapping attempt at Piazza.,Police,,
Emergency! There is electrical sparks happening at the Central Bank.,Fire Force,,
Send police to Gerji - mugging in progress,Police,amharic,
Emergency! Witnessed kidnapping attempt at Summit.,Police,,
Domestic violence with injuries at Sarbet,Police,,0.68
Emergency! Need an ambulance at CMC Condominium - animal bite.,Medical/Hospital,,
"Emergency! Please send the fire force to the local Pharmacy, there is electrical sparks.",Fire Force,,
Fire emergency at Adama Market - warehouse fire,Fire Force,afaan_oromo,
Emergency! There is thief happening at Summit.,Police,,
"Hello Hi, hello",Other,,
Medical emergency at the Hospital gate: several injured people.,Medical/Hospital,,
Emergency! Send police immediately to Mexico Square - armed suspect in progress.,Police,,
ሆስፒታል ያስፈልገኛል በKebele 04,Police,amharic,
"Hello Hi, how to use this?",Other,,
Please send paramedics to Train Station: burn victim,Medical/Hospital,afaan_oromo,
Emergency! Send police immediately to the Bus Terminal - mugging in progress.,Police,,
Emergency! inferno at Kebele 04,Fire Force,,0.9
Police emergency! harassment at Sarbet.,Police,,
ልቤ ይታመማል በTrain Station,Fire Force,amharic,
Emergency! Witnessed burglary at the Bus Terminal.,Police,,
I see inferno at the shopping mall.,Fire Force,,
Emergency! electrical sparks at Atlas area,Fire Force,,0.77
Medical emergency at construction site: allergic reaction,Medical/Hospital,,0.97
"Hello, thank you?",Other,,
Fire emergency at Mexico Square - electrical sparks,Fire Force,,0.88
Hafuura baafachuu dadhabe Mexico Square,Medical/Hospital,afaan_oromo,
Emergency medical assistance needed at the Bus Terminal for fainting spell.,Medical/Hospital,,
Emergency! There is electrical sparks happening at Kebele 02.,Fire Force,,
Emergency! Reporting something burning at the Main Road.,Fire Force,,
Emergency! Officer required at Sarbet: armed suspect.,Police,,
Emergency! stroke at Central Bank,Medical/Hospital,,0.9
ልቤ ይታመማል በMain Road,Fire Force,amharic,
"Hello Hello, weather report?",Other,,
Medical emergency at Adama General Hospital: bleeding,Medical/Hospital,,0.6
Need police at Summit for thief,Police,afaan_oromo,
System test,Other,,
Please send paramedics to Gas Station: broken leg,Medical/Hospital,afaan_oromo,
"Hi, testing the app",Other,,
Just thank you,Other,,
Hi Quick question: app feedback,Other,,
Weather report,Other,,
Emergency! Need firefighters at the Stadium for transformer fire.,Fire Force,,
Help! burning smell at the Hospital gate!,Fire Force,,
Need firefighters at Kebele 02 for explosion,Fire Force,,0.88
Someone has collapsed person at Sarbet.,Medical/Hospital,,
Reporting chemical fire at Adama Market,Fire Force,afaan_oromo,
Emergency! Need police at Bole Road - car theft.,Police,,
Emergency! I see fire on the balcony at the shopping mall.,Fire Force,,
"Emergency! Please send the fire force to Bole Road, there is gas leak.",Fire Force,,
Medical emergency! fainting spell at Atlas area.,Medical/Hospital,,
There is a person with unconscious person at the shopping mall.,Medical/Hospital,,
Emergency! There is a person with seizure at the main Factory.,Medical/Hospital,,
Reporting fire on the balcony at the Office,Fire Force,amharic,
Medical emergency! fainting spell at the Bus Terminal.,Medical/Hospital,,
Emergency! Send police immediately to CMC Condominium - kidnapping attempt in progress.,Police,,
Hello This is thank you thanks,Other,,
Reporting stolen goods at Main Road,Police,afaan_oromo,
Medical emergency at Summit: woman in labor.,Medical/Hospital,,
Need police at Kazanchis for drug dealing,Police,,0.73
Emergency! There is a person with animal bite at the local Pharmacy.,Medical/Hospital,,
Medical emergency! poisoning at Gerji.,Medical/Hospital,,
Police emergency! kidnapping attempt at CMC Condominium.,Police,,
"Hello wrong number, thanks",Other,,
Need police at Central Bank for suspicious person,Police,afaan_oromo,
This is hello,Other,,
URGENT police response needed: armed suspect at the Park.,Police,,
ልቤ ይታመማል በHigh School,Fire Force,amharic,
Emergency! Please send paramedics to the High School: stroke.,Medical/Hospital,,
እሳት ወጥቷል በAdama Market,Medical/Hospital,amharic,
Send fire truck to the Central Bank - something burning.,Fire Force,,
Send fire truck to the University campus - burning smell.,Fire Force,,
Please send paramedics to the Hospital gate: heart attack.,Medical/Hospital,,
URGENT police response needed: car theft at Kebele 02.,Police,,
Emergency! Please send police to the main Factory for mugging.,Police,,
Reporting car theft at High School,Police,afaan_oromo,
Medical emergency! several injured people at the construction site.,Medical/Hospital,,
Reporting shooting at Kazanchis,Police,,0.95
Emergency! Reporting broken leg at Summit.,Medical/Hospital,,
Emergency! I see huge flames at the High School.,Fire Force,,
Emergency! transformer fire at the construction site.,Fire Force,,
Emergency! collapsed at Gerji,Medical/Hospital,amharic,
Send fire truck to Mexico Square - flames spreading.,Fire Force,,
Send police to Atlas area - kidnapping attempt in progress,Police,afaan_oromo,
Reporting thief at Central Bank,Police,amharic,
Emergency! There is a person with stroke at the Main Road.,Medical/Hospital,,
Emergency! Someone has heavy bleeding at the University campus.,Medical/Hospital,,
Emergency! Please send police to the Stadium for break-in.,Police,,
Please send paramedics to Gas Station: burn victim,Medical/Hospital,amharic,
Send police to Adama Market - harassment in progress,Police,afaan_oromo,
"Emergency! Please send the fire force to my Home, there is kitchen fire.",Fire Force,,
Emergency! Please send police to the High School for burglary.,Police,,
Fire emergency at the Office - something burning,Fire Force,afaan_oromo,
Emergency! Reporting stabbing at the Main Road.,Police,,
Reporting burglary at Bus Terminal,Police,,0.92
Medical emergency at Adama Market: burn victim.,Medical/Hospital,,
URGENT: animal bite at Bole Road.,Medical/Hospital,,
Police emergency! drug dealing at Sarbet,Police,amharic,
Quick question: weather report,Other,,
Emergency! Reporting gas leak at the Stadium.,Fire Force,,
Please send paramedics to an Apartment building: collapsed,Medical/Hospital,,0.93
Person bleeding after stabbing at Bus Terminal,Medical/Hospital,,0.56
Please send paramedics to Train Station: choking,Medical/Hospital,amharic,
"Emergency! Please send the fire force to the main Factory, there is something burning.",Fire Force,,
Send fire truck to Adama Police Station: fire on the balcony,Fire Force,amharic,
"Kitchen fire, burn victim at Adama Market",Fire Force,,0.71
Reporting small fire at the shopping mall.,Fire Force,,
Emergency! Help! kitchen fire at the construction site!,Fire Force,,
Send fire truck to Bus Terminal: explosion,Fire Force,,0.97
Please send paramedics to the Park: heavy bleeding.,Medical/Hospital,,
Emergency! Please send paramedics to Summit: woman in labor.,Medical/Hospital,,
"Good morning, thanks",Other,,
URGENT police response needed: kidnapping attempt at Adama Market.,Police,,
Need firefighters at Mexico Square for thick smoke,Fire Force,,0.82
Police emergency! mugging at Kebele 04,Police,amharic,
Send fire truck to Fire Station: burning smell,Fire Force,afaan_oromo,
Emergency! Send police immediately to the University campus - group with weapons in progress.,Police,,
Just testing the app,Other,,
Fire emergency at construction site - fire,Fire Force,amharic,
Help! electrical sparks at the Main Road!,Fire Force,,
Ibidda Adama General Hospital,Police,afaan_oromo,
Police emergency! riot at Train Station,Police,,0.91
"Hello, app feedback thanks",Other,,
Emergency! There is a person with poisoning at the University campus.,Medical/Hospital,,
URGENT police response needed: kidnapping attempt at Piazza.,Police,,
Person with breathing difficulty at construction site,Medical/Hospital,amharic,
Need ambulance at University campus - broken leg,Medical/Hospital,,0.92
Emergency! I see fire in the basement at the Office.,Fire Force,,
Hey Quick question: how are you thanks,Other,,
Emergency! Send police immediately to Atlas area - drug dealing in progress.,Police,,
URGENT police response needed: break-in at the shopping mall.,Police,,
Medical emergency at the Stadium: head injury.,Medical/Hospital,,
Need ambulance at Sarbet - stroke,Medical/Hospital,,0.79
Officer required at Train Station: stabbing,Police,,0.85
Medical emergency at an Apartment building: choking,Medical/Hospital,afaan_oromo,
Please send paramedics to shopping mall: car accident with injuries,Medical/Hospital,,0.81
URGENT police response needed: armed suspect at Gerji.,Police,,
"Hi Hello, is anyone there?",Other,,
Medical emergency at Sarbet: woman in labor,Medical/Hospital,afaan_oromo,
Emergency! huge flames at Train Station,Fire Force,amharic,
Emergency! unconscious at Kebele 02,Medical/Hospital,afaan_oromo,
Emergency! burning smell at Bus Terminal,Fire Force,amharic,
Reporting harassment at Atlas area,Police,amharic,
"Hello, general question?",Other,,
Emergency! Need firefighters at Piazza for fire on the balcony.,Fire Force,,
Need firefighters at Piazza for inferno,Fire Force,amharic,
Medical emergency at CMC Condominium: stroke,Medical/Hospital,amharic,
Medical emergency! unconscious person at Mexico Square.,Medical/Hospital,,
Please send paramedics to Gas Station: heart attack,Medical/Hospital,,0.71
Officer required at Kebele 04: stolen goods,Police,amharic,
Balaan gahe Gas Station,Fire Force,afaan_oromo,
Help! electrical sparks at the Park!,Fire Force,,
Emergency! Reporting mugging at the Train Station.,Police,,
Emergency! Someone has woman in labor at Summit.,Medical/Hospital,,
Emergency! There is break-in happening at Sarbet.,Police,,
There is gas leak happening at the University campus.,Fire Force,,
"Gas leak, people unconscious at University campus",Fire Force,,0.67
Emergency! Help! transformer fire at Summit!,Fire Force,,
"Hi No emergency, just wrong number?",Other,,
Police emergency! shooting at Main Road,Police,afaan_oromo,
ልቤ ይታመማል በKebele 02,Fire Force,amharic,
Checking in - time check thanks,Other,,
Someone has choking incident at the Gas Station.,Medical/Hospital,,
Emergency! Need police at Kazanchis - stabbing.,Police,,
Send fire truck to the Office: transformer fire,Fire Force,afaan_oromo,
Please send paramedics to University campus: allergic reaction,Medical/Hospital,afaan_oromo,
Emergency! fire on the balcony at the Office,Fire Force,amharic,
Medical emergency! allergic reaction at an Apartment building.,Medical/Hospital,,
Need police at Main Road for armed suspect,Police,afaan_oromo,
Hey time check please,Other,,
Emergency! I see burning smell at the Hospital gate.,Fire Force,,
Hey This is system test?,Other,,
Police emergency! domestic dispute at Gerji,Police,afaan_oromo,
Hey Quick question: thank you please,Other,,
"Please send the fire force to the shopping mall, there is transformer fire.",Fire Force,,
Fire emergency at Adama General Hospital - burning smell,Fire Force,amharic,
Gargaarsa nan barbaada Adama Market,Police,afaan_oromo,
Emergency! There is a person with head injury at Adama Market.,Medical/Hospital,,
Medical emergency! poisoning at the Train Station.,Medical/Hospital,,
Emergency! Reporting unconscious person at Atlas area.,Medical/Hospital,,
URGENT: inferno reported at the local Pharmacy.,Fire Force,,
Hi Just time check?,Other,,
Quick question: hello world,Other,,
Police emergency! shooting at Atlas area,Police,afaan_oromo,
Medical emergency at shopping mall: heart attack,Medical/Hospital,amharic,
Witnessed mugging at Atlas area.,Police,,
"Emergency! Please send the fire force to the Bus Terminal, there is huge flames.",Fire Force,,
Emergency! Reporting domestic dispute at the Hospital gate.,Police,,
Reporting fire at University campus,Fire Force,,0.86
Need police at Fire Station for mugging,Police,amharic,
Emergency! Officer required at Summit: thief.,Police,,
Hello Checking in - is anyone there,Other,,
Emergency! smoke coming from the roof at Kebele 04,Fire Force,afaan_oromo,
Quick question: how are you,Other,,
Emergency! Reporting poisoning at the University campus.,Medical/Hospital,,
There is a person with allergic reaction at the Train Station.,Medical/Hospital,,
Emergency! Reporting flames spreading at Kebele 02.,Fire Force,,
Witnessed drug dealing at Summit.,Police,,
"Weather report, thanks",Other,,
Send fire truck to Central Bank: thick smoke,Fire Force,amharic,
There is robbery happening at Summit.,Police,,
I see chemical fire at CMC Condominium.,Fire Force,,
"Hello Hello, thank you thanks",Other,,
ፖሊስ ይደውሉልኝ በan Apartment building,Medical/Hospital,amharic,
Emergency! Send police immediately to the Train Station - vandalism in progress.,Police,,
Person with bleeding at High School,Medical/Hospital,amharic,
Emergency! Need an ambulance at the main Factory - heart attack.,Medical/Hospital,,
"Hello, how are you please",Other,,
Emergency! gas leak at Kebele 04,Fire Force,amharic,
Medical emergency! stroke at the Gas Station.,Medical/Hospital,,
Emergency! I see chemical fire at CMC Condominium.,Fire Force,,
Quick question: app feedback please,Other,,
Please send paramedics to Gerji: broken leg.,Medical/Hospital,,
Emergency! Need an ambulance at Adama Market - poisoning.,Medical/Hospital,,
እሳት ወጥቷል በKebele 02,Fire Force,amharic,
Ibidda Adama Market,Medical/Hospital,afaan_oromo,
"Please send the fire force to Kebele 02, there is explosion.",Fire Force,,
Emergency! Need firefighters at Adama Market for inferno.,Fire Force,,
Emergency! Witnessed drug dealing at an Apartment building.,Police,,
"Hi hello world, thanks please",Other,,
Emergency! Need police at the Stadium - car theft.,Police,,
Send fire truck to Adama Police Station: thick smoke,Fire Force,,0.9
"Hey Hello, hi there",Other,,
Emergency! Reporting overdose at the Stadium.,Medical/Hospital,,
Good morning,Other,,
Medical emergency at the main Factory: several injured people.,Medical/Hospital,,
Emergency! Please send paramedics to my Home: choking incident.,Medical/Hospital,,
Send fire truck to High School: inferno,Fire Force,,0.92
This is wrong number,Other,,
Reporting break-in at Kebele 04,Police,afaan_oromo,
Need ambulance at High School - breathing difficulty,Medical/Hospital,,0.45
Send fire truck to Train Station: kitchen fire,Fire Force,afaan_oromo,
Need ambulance at Summit - allergic reaction,Medical/Hospital,amharic,
Send police to Kazanchis - kidnapping attempt in progress,Police,amharic,
Police emergency! suspicious person at Main Road,Police,amharic,
Send police to Central Bank - drug dealing in progress,Police,amharic,
Person bleeding after stabbing at Gerji,Medical/Hospital,,0.63
URGENT police response needed: mugging at the Bus Terminal.,Police,,
"Hello No emergency, just is anyone there thanks",Other,,
Emergency! Reporting fire in the basement at the shopping mall.,Fire Force,,
Please send police to my Home for riot.,Police,,
Hey Quick question: how are you,Other,,
Medical emergency at Mexico Square: stroke,Medical/Hospital,amharic,
"Robbery, victim having heart attack at Central Bank",Police,,0.67
Emergency! Send police immediately to Gerji - stolen goods in progress.,Police,,
Domestic violence with injuries at Main Road,Police,,0.64
URGENT: kitchen fire reported at the Park.,Fire Force,,
This is app feedback thanks,Other,,
Police emergency! thief at Piazza,Police,afaan_oromo,
Help! fire in the basement at the Hospital gate!,Fire Force,,
Emergency! choking at Adama Market,Medical/Hospital,afaan_oromo,
Need an ambulance at my Home - person who fell.,Medical/Hospital,,
Emergency! Please send police to Mexico Square for car theft.,Police,,
Need firefighters at CMC Condominium for gas leak,Fire Force,,0.52
Emergency! thick smoke at the Stadium.,Fire Force,,
Gargaarsa nan barbaada an Apartment building,Police,afaan_oromo,
አደጋ ደረሰ በshopping mall,Medical/Hospital,amharic,
Need police at Main Road for group with weapons,Police,,0.94
Reporting harassment at Bus Terminal,Police,amharic,
Hello This is time check thanks,Other,,
Hello hello,Other,,
Medical emergency! choking incident at an Apartment building.,Medical/Hospital,,
Witnessed domestic dispute at the Train Station.,Police,,
Need firefighters at Train Station for inferno,Fire Force,afaan_oromo,
Police emergency! assault at Kebele 02.,Police,,
Officer required at Bus Terminal: car theft,Police,afaan_oromo,
Emergency! Reporting gas leak at Summit.,Fire Force,,
Send police to Piazza - car theft in progress,Police,amharic,
Hey This is how to use this please,Other,,
Reporting thick smoke at Gerji,Fire Force,,0.88
Need police at Mexico Square for car theft,Police,afaan_oromo,
Officer required at Fire Station: shooting,Police,afaan_oromo,
Please send paramedics to Kebele 04: overdose,Medical/Hospital,afaan_oromo,
Medical emergency at Train Station: broken leg,Medical/Hospital,amharic,
Hospitaala nan barbaada Train Station,Fire Force,afaan_oromo,
Reporting break-in at Kebele 02,Police,amharic,
"Fire in apartment, someone trapped at High School",Fire Force,,0.68
ሆስፒታል ያስፈልገኛል በAtlas area,Fire Force,amharic,
Emergency medical assistance needed at a back alley for several injured people.,Medical/Hospital,,
Need firefighters at CMC Condominium for massive blaze.,Fire Force,,
Medical emergency! choking incident at Piazza.,Medical/Hospital,,
Emergency! car accident with injuries at Adama General Hospital,Medical/Hospital,amharic,
Please send police to CMC Condominium for armed suspect.,Police,,
"Hi, app feedback",Other,,
Emergency! Someone has heavy bleeding at the Train Station.,Medical/Hospital,,
Police emergency! thief at Kebele 02.,Police,,
Send fire truck to Adama General Hospital: inferno,Fire Force,amharic,
Emergency! Please send paramedics to the construction site: stroke.,Medical/Hospital,,
"Hey Hi, general question please",Other,,
URGENT: unconscious person at Kazanchis.,Medical/Hospital,,
Hi Checking in - weather report please,Other,,
"Thank you, thanks",Other,,
"No emergency, just testing the app",Other,,
Emergency! Witnessed thief at Mexico Square.,Police,,
Reporting massive blaze at Main Road,Fire Force,amharic,
ሰረቁኝ በMexico Square,Police,amharic,
Medical emergency at Train Station: overdose,Medical/Hospital,,0.69
Emergency! There is robbery happening at the University campus.,Police,,
Emergency! There is riot happening at the Bus Terminal.,Police,,
"Emergency! Please send the fire force to the Hospital gate, there is something burning.",Fire Force,,
"Please send the fire force to Adama Market, there is fire on the balcony.",Fire Force,,
URGENT: fire in the basement reported at a back alley.,Fire Force,,
Fire emergency at University campus - explosion,Fire Force,,0.87
Reporting electrical sparks at Summit,Fire Force,,0.87
Send police to Train Station - suspicious person in progress,Police,amharic,
Emergency! fire at the Office,Fire Force,afaan_oromo,
Emergency! Need firefighters at the High School for kitchen fire.,Fire Force,,
Hey Checking in - just checking?,Other,,
Emergency! Need an ambulance at the Hospital gate - breathing difficulty.,Medical/Hospital,,
Emergency! Help! flames spreading at Piazza!,Fire Force,,
Police emergency! armed suspect at Adama Market,Police,afaan_oromo,
Emergency! Please send police to my Home for riot.,Police,,
Emergency! something burning at an Apartment building,Fire Force,,0.91
Officer required at Main Road: stabbing,Police,afaan_oromo,
Reporting warehouse fire at Main Road,Fire Force,,0.78
Emergency! inferno at shopping mall,Fire Force,afaan_oromo,
Emergency! inferno at Gerji.,Fire Force,,
Emergency! There is fire in the basement happening at the main Factory.,Fire Force,,
"Emergency! Please send the fire force to Kazanchis, there is fire on the balcony.",Fire Force,,
Emergency! There is small fire happening at the local Pharmacy.,Fire Force,,
Fire emergency at Gerji - kitchen fire,Fire Force,amharic,
Quick question: hello,Other,,
Emergency! Send fire truck to the local Pharmacy - burning smell.,Fire Force,,
Police emergency! kidnapping attempt at Bus Terminal,Police,,0.98
Please send paramedics to Gerji: overdose,Medical/Hospital,,0.93
Emergency! Help! smoke coming from the roof at the shopping mall!,Fire Force,,
Poolisiin na biliisa Adama Market,Fire Force,afaan_oromo,
Person with woman in labor at Adama General Hospital,Medical/Hospital,afaan_oromo,
Need firefighters at Kebele 02 for burning smell,Fire Force,afaan_oromo,
Hi how are you thanks,Other,,
"Hey Hi, time check",Other,,
Hello system test,Other,,
Emergency! Witnessed drug dealing at the Train Station.,Police,,
Emergency! There is vandalism happening at the University campus.,Police,,
Person with head injury at Summit,Medical/Hospital,afaan_oromo,
"Hello Hello, system test please",Other,,
Emergency! chemical fire at construction site,Fire Force,amharic,
URGENT: transformer fire reported at the Office.,Fire Force,,
Need ambulance at Central Bank - head injury,Medical/Hospital,amharic,
Medical emergency at the Main Road: choking incident.,Medical/Hospital,,
Emergency! There is harassment happening at an Apartment building.,Police,,
"Hi, how are you",Other,,
"Robbery, victim having heart attack at Kebele 04",Police,,0.7
Medical emergency at shopping mall: head injury,Medical/Hospital,afaan_oromo,
Emergency! fire in the basement at High School,Fire Force,amharic,
Poolisiin na biliisa Gerji,Fire Force,afaan_oromo,
Emergency! burn victim at Kazanchis,Medical/Hospital,afaan_oromo,
"Hi Hello, good morning?",Other,,
Hatte Mexico Square,Medical/Hospital,afaan_oromo,
"Hello Hi, time check please",Other,,
Reporting smoke coming from the roof at Atlas area,Fire Force,amharic,
Need ambulance at shopping mall - animal bite,Medical/Hospital,,0.93
Medical emergency at Adama Police Station: head injury,Medical/Hospital,amharic,
ሰረቁኝ በAdama Market,Fire Force,amharic,
There is a person with head injury at Summit.,Medical/Hospital,,
Emergency! bleeding at University campus,Medical/Hospital,afaan_oromo,
Emergency! electrical sparks at High School,Fire Force,afaan_oromo,
URGENT police response needed: stabbing at the Central Bank.,Police,,
Hey is anyone there?,Other,,
Emergency! chemical fire at Main Road,Fire Force,,0.98
Medical emergency at Sarbet: heart attack,Medical/Hospital,,0.69
"No emergency, just system test?",Other,,
Police emergency! break-in at Kebele 04.,Police,,
"Hey Hello, testing the app thanks",Other,,
Need ambulance at the Office - burn victim,Medical/Hospital,,0.94
Emergency! Send fire truck to the Main Road - flames spreading.,Fire Force,,
Send fire truck to CMC Condominium: something burning,Fire Force,amharic,
Need police at Sarbet for assault,Police,afaan_oromo,
This is system test,Other,,
እሳት ወጥቷል በSarbet,Medical/Hospital,amharic,
Emergency! There is kidnapping attempt happening at Gerji.,Police,,
Emergency! Someone has allergic reaction at Kebele 04.,Medical/Hospital,,
"Emergency! Please send the fire force to my Home, there is burning smell.",Fire Force,,
Hi Just thank you please,Other,,
Need firefighters at University campus for flames spreading,Fire Force,afaan_oromo,
Officer required at Bus Terminal: stabbing,Police,,0.82
I see smoke coming from the roof at the Hospital gate.,Fire Force,,
Hatte Kazanchis,Police,afaan_oromo,
Emergency! fire at Central Bank,Fire Force,afaan_oromo,
Medical emergency at Adama Market: collapsed person.,Medical/Hospital,,
Police emergency! drug dealing at the University campus.,Police,,
እሳት ወጥቷል በan Apartment building,Medical/Hospital,amharic,
Person with collapsed at Kebele 04,Medical/Hospital,,0.86
Send fire truck to Kebele 04: fire,Fire Force,amharic,
Officer required at Adama Market: drug dealing,Police,afaan_oromo,
Person with unconscious at Main Road,Medical/Hospital,afaan_oromo,
Reporting stolen goods at a back alley.,Police,,
Medical emergency! overdose at the Gas Station.,Medical/Hospital,,
"Gas leak, people unconscious at Summit",Fire Force,,0.71
Emergency! There is stolen goods happening at the Main Road.,Police,,
Emergency! There is assault happening at CMC Condominium.,Police,,
"Emergency! Please send the fire force to the Train Station, there is gas leak.",Fire Force,,
Send police to Bus Terminal - drug dealing in progress,Police,afaan_oromo,
Please send paramedics to CMC Condominium: heavy bleeding.,Medical/Hospital,,
Officer required at Piazza: burglary,Police,,0.7
Medical emergency at an Apartment building: burn victim,Medical/Hospital,amharic,
አደጋ ደረሰ በFire Station,Fire Force,amharic,
Just how to use this thanks,Other,,
Need police at Gas Station for group with weapons,Police,afaan_oromo,
Emergency medical assistance needed at Bole Road for person who fell.,Medical/Hospital,,
URGENT: seizure at the High School.,Medical/Hospital,,
"Hello, is anyone there thanks",Other,,
Emergency! Please send paramedics to the High School: broken leg.,Medical/Hospital,,
URGENT police response needed: riot at Mexico Square.,Police,,
Please send paramedics to an Apartment building: broken leg,Medical/Hospital,,0.94
Reporting kitchen fire at an Apartment building,Fire Force,afaan_oromo,
Send police to Piazza - domestic dispute in progress,Police,amharic,
URGENT: inferno reported at the Main Road.,Fire Force,,
Person with breathing difficulty at Kazanchis,Medical/Hospital,,0.97
Hi Quick question: is anyone there?,Other,,
Gargaarsa nan barbaada Kebele 04,Police,afaan_oromo,
Need police at shopping mall for break-in,Police,amharic,
Emergency! Need an ambulance at the High School - heavy bleeding.,Medical/Hospital,,
"Hi, system test",Other,,
Send police to Piazza - burglary in progress,Police,afaan_oromo,
Officer required at Adama General Hospital: break-in,Police,,0.67
Emergency! Officer required at Piazza: armed suspect.,Police,,
Reporting mugging at Summit,Police,afaan_oromo,
Reporting vandalism at CMC Condominium,Police,amharic,
Need police at my Home - assault.,Police,,
URGENT: fire in the basement reported at the University campus.,Fire Force,,
Medical emergency at Kazanchis: collapsed person.,Medical/Hospital,,
"Fire in apartment, someone trapped at construction site",Fire Force,,0.66
ፖሊስ ይደውሉልኝ በshopping mall,Medical/Hospital,amharic,
Send fire truck to the Office: warehouse fire,Fire Force,afaan_oromo,
እርዳታ ያስፈልገኛል በKebele 04,Police,amharic,
Just general question,Other,,
Fire emergency at the Office - electrical sparks,Fire Force,afaan_oromo,
Police emergency! harassment at the local Pharmacy.,Police,,
Please send paramedics to Adama Market: choking incident.,Medical/Hospital,,
Emergency! Need an ambulance at the construction site - poisoning.,Medical/Hospital,,
Reporting heavy bleeding at the Gas Station.,Medical/Hospital,,
Medical emergency at Train Station: stroke,Medical/Hospital,afaan_oromo,
Medical emergency at Gas Station: choking,Medical/Hospital,amharic,
Police emergency! assault at Sarbet,Police,amharic,
Need firefighters at Adama General Hospital for fire on the balcony,Fire Force,afaan_oromo,
Emergency! Witnessed stolen goods at Adama Market.,Police,,
Send fire truck to Summit: transformer fire,Fire Force,amharic,
Medical emergency! allergic reaction at the Stadium.,Medical/Hospital,,
Emergency! Please send police to Piazza for drug dealing.,Police,,
Need ambulance at Fire Station - car accident with injuries,Medical/Hospital,,0.96
Emergency! fire in the basement at the Main Road.,Fire Force,,
"Please send the fire force to the Hospital gate, there is smoke coming from the roof.",Fire Force,,
Need police at Summit for stolen goods,Police,afaan_oromo,
"Hello how are you, thanks",Other,,
Reporting explosion at Atlas area.,Fire Force,,
ሆስፒታል ያስፈልገኛል በKebele 02,Medical/Hospital,amharic,
Send fire truck to Summit: thick smoke,Fire Force,amharic,
There is a person with overdose at Atlas area.,Medical/Hospital,,
Emergency medical assistance needed at Sarbet for broken leg.,Medical/Hospital,,
Fire emergency at Kebele 02 - smoke coming from the roof,Fire Force,,0.9
Officer required at Piazza: riot,Police,afaan_oromo,
Please send paramedics to the Office: animal bite,Medical/Hospital,amharic,
Emergency! Need firefighters at the Park for burning smell.,Fire Force,,
URGENT: small fire reported at the construction site.,Fire Force,,
Hafuura baafachuu dadhabe shopping mall,Fire Force,afaan_oromo,
"Hello No emergency, just wrong number?",Other,,
Need an ambulance at Summit - unconscious person.,Medical/Hospital,,
"App feedback, thanks thanks",Other,,
Emergency! Officer required at the Park: stolen goods.,Police,,
URGENT: brush fire reported at the Central Bank.,Fire Force,,
"Hello testing the app, thanks thanks",Other,,
Emergency! car accident with injuries at Central Bank,Medical/Hospital,afaan_oromo,
Emergency! collapsed at Piazza,Medical/Hospital,afaan_oromo,
Emergency! transformer fire at Sarbet,Fire Force,,0.78
URGENT: several injured people at the Park.,Medical/Hospital,,
Poolisiin na biliisa Bus Terminal,Fire Force,afaan_oromo,
Hello This is testing the app?,Other,,
Emergency! something burning at shopping mall,Fire Force,afaan_oromo,
Emergency! small fire at Gerji.,Fire Force,,
Medical emergency at Central Bank: burn victim,Medical/Hospital,afaan_oromo,
"Hello No emergency, just is anyone there please",Other,,
Emergency! Please send paramedics to the Main Road: allergic reaction.,Medical/Hospital,,
ሆስፒታል ያስፈልገኛል በCMC Condominium,Police,amharic,
Emergency! gas leak at a back alley.,Fire Force,,
Emergency! collapsed at Adama Police Station,Medical/Hospital,,0.94
Medical emergency at Adama Market: poisoning,Medical/Hospital,,0.95
Fire emergency at Gas Station - kitchen fire,Fire Force,afaan_oromo,
Emergency! Please send police to Summit for shooting.,Police,,
Reporting harassment at Summit,Police,,0.91
Police emergency! break-in at Atlas area,Police,amharic,
Hello app feedback?,Other,,
ሆስፒታል ያስፈልገኛል በGerji,Police,amharic,
Reporting seizure at the Central Bank.,Medical/Hospital,,
URGENT: person who fell at the Central Bank.,Medical/Hospital,,
Reporting brush fire at Mexico Square,Fire Force,amharic,
URGENT: fire on the balcony reported at Kazanchis.,Fire Force,,
Hey system test,Other,,
Medical emergency at Summit: poisoning,Medical/Hospital,afaan_oromo,
Hi Quick question: how are you?,Other,,
I see small fire at the Hospital gate.,Fire Force,,
There is flames spreading happening at Bole Road.,Fire Force,,
Please send paramedics to Kebele 02: breathing difficulty.,Medical/Hospital,,
Emergency! Officer required at my Home: stolen goods.,Police,,
Need ambulance at Mexico Square - car accident with injuries,Medical/Hospital,,0.56
"Emergency! Please send the fire force to Kebele 02, there is warehouse fire.",Fire Force,,
Please send police to the main Factory for kidnapping attempt.,Police,,
Emergency! There is stolen goods happening at the shopping mall.,Police,,
Need firefighters at Mexico Square for chemical fire,Fire Force,amharic,
"Emergency! Please send the fire force to the Park, there is explosion.",Fire Force,,
Need ambulance at Gerji - overdose,Medical/Hospital,,0.94
Emergency! Send fire truck to the main Factory - huge flames.,Fire Force,,
"Emergency! Please send the fire force to the construction site, there is massive blaze.",Fire Force,,
Police emergency! violent fight at the Main Road.,Police,,
Emergency! There is smoke coming from the roof happening at CMC Condominium.,Fire Force,,
"Fight with weapons, people injured at an Apartment building",Police,,0.69
Checking in - wrong number,Other,,
Emergency! Reporting drug dealing at the Central Bank.,Police,,
Fire emergency at Bus Terminal - smoke coming from the roof,Fire Force,afaan_oromo,
URGENT: smoke coming from the roof reported at Atlas area.,Fire Force,,
Reporting riot at my Home.,Police,,
Hi hello world please,Other,,
"No emergency, just general question",Other,,
URGENT: heart attack at the University campus.,Medical/Hospital,,
Emergency medical assistance needed at a back alley for burn victim.,Medical/Hospital,,
"Hello No emergency, just testing the app?",Other,,
Need police at Central Bank for shooting,Police,,0.89
Need police at Piazza - vandalism.,Police,,
Emergency! There is a person with allergic reaction at the Office.,Medical/Hospital,,
Please send police to the Hospital gate for assault.,Police,,
Medical emergency at Kebele 04: head injury.,Medical/Hospital,,
Fire emergency at Kebele 04 - explosion,Fire Force,amharic,
Reporting break-in at my Home.,Police,,
Send police to Kazanchis - vandalism in progress,Police,amharic,
Reporting flames spreading at Piazza,Fire Force,afaan_oromo,
Need firefighters at Adama Police Station for fire,Fire Force,,0.95
Medical emergency at Kebele 02: heavy bleeding.,Medical/Hospital,,
Emergency! Send police immediately to the main Factory - domestic dispute in progress.,Police,,
"Is anyone there, thanks",Other,,
Emergency! massive blaze at Mexico Square,Fire Force,amharic,
"Hi Hello, system test thanks",Other,,
Emergency! burning smell at a back alley.,Fire Force,,
URGENT: huge flames reported at my Home.,Fire Force,,
Medical emergency at the Train Station: seizure.,Medical/Hospital,,
Emergency! I see small fire at the construction site.,Fire Force,,
"Gas leak, people unconscious at Adama Police Station",Fire Force,,0.68
Reporting harassment at Gerji,Police,amharic,
Emergency! Officer required at the Main Road: burglary.,Police,,
Officer required at High School: drug dealing,Police,afaan_oromo,
Please send paramedics to Bus Terminal: unconscious,Medical/Hospital,amharic,
Reporting chemical fire at the Office,Fire Force,,0.74
There is domestic dispute happening at Atlas area.,Police,,
Emergency! Help! chemical fire at the High School!,Fire Force,,
Emergency! Witnessed riot at Sarbet.,Police,,
ሰረቁኝ በKazanchis,Police,amharic,
Please send police to an Apartment building for riot.,Police,,
Officer required at Piazza: break-in,Police,amharic,
There is mugging happening at CMC Condominium.,Police,,
Fire emergency at Fire Station - thick smoke,Fire Force,afaan_oromo,
Emergency! Help! burning smell at the shopping mall!,Fire Force,,
Emergency! Need firefighters at the Gas Station for thick smoke.,Fire Force,,
Reporting something burning at Train Station,Fire Force,,0.94
Police emergency! burglary at Gas Station,Police,afaan_oromo,
Emergency! Need an ambulance at the construction site - car accident with injuries.,Medical/Hospital,,
Send police to Bus Terminal - riot in progress,Police,amharic,
"Emergency! Please send the fire force to the Hospital gate, there is burning smell.",Fire Force,,
Officer required at Fire Station: assault,Police,amharic,
Emergency! Reporting person not breathing at a back alley.,Medical/Hospital,,
Send police to Piazza - vandalism in progress,Police,amharic,
Hospitaala nan barbaada Central Bank,Medical/Hospital,afaan_oromo,
Send fire truck to Gas Station: kitchen fire,Fire Force,,0.97
Need police at Adama Market for group with weapons,Police,,0.86
Domestic violence with injuries at Kebele 02,Police,,0.61
There is burning smell happening at Mexico Square.,Fire Force,,
Emergency! Please send police to the Stadium for riot.,Police,,
Emergency! Send police immediately to the Main Road - shooting in progress.,Police,,
Send fire truck to Kebele 02: brush fire,Fire Force,afaan_oromo,
Please send paramedics to Adama Market: woman in labor,Medical/Hospital,,0.94
Domestic violence with injuries at Mexico Square,Police,,0.73
Emergency! I see inferno at Kebele 04.,Fire Force,,
Officer required at the Hospital gate: robbery.,Police,,
Emergency! flames spreading at Kazanchis.,Fire Force,,
Emergency! gas leak at Kebele 02,Fire Force,afaan_oromo,
Person with head injury at Kazanchis,Medical/Hospital,afaan_oromo,
Emergency! Please send paramedics to the Central Bank: animal bite.,Medical/Hospital,,
"Hi No emergency, just system test please",Other,,
Emergency! Officer required at the Train Station: mugging.,Police,,
Emergency! There is harassment happening at the Train Station.,Police,,
Send fire truck to the Office - inferno.,Fire Force,,
Reporting suspicious person at an Apartment building,Police,afaan_oromo,
URGENT: small fire reported at Gerji.,Fire Force,,
Send police immediately to CMC Condominium - car theft in progress.,Police,,
Please send paramedics to Adama Market: fainting,Medical/Hospital,afaan_oromo,
Emergency medical assistance needed at the Office for stroke.,Medical/Hospital,,
Emergency! There is gas leak happening at the High School.,Fire Force,,
Hey Quick question: good morning?,Other,,
"Hello, how are you",Other,,
Reporting violent fight at Kebele 04,Police,afaan_oromo,
Reporting drug dealing at Adama Market,Police,amharic,
Reporting thick smoke at the shopping mall.,Fire Force,,
"Hi Hello, is anyone there thanks",Other,,
Reporting kidnapping attempt at Piazza,Police,afaan_oromo,
"Hi No emergency, just time check please",Other,,
Reporting electrical sparks at Train Station,Fire Force,amharic,
Reporting vandalism at the Office,Police,,0.73
Fire emergency at Atlas area - gas leak,Fire Force,afaan_oromo,
Send police to Kazanchis - drug dealing in progress,Police,amharic,
"Hello, testing the app thanks",Other,,
Emergency! There is car theft happening at Kebele 04.,Police,,
Emergency! Please send police to the Stadium for drug dealing.,Police,,
Officer required at Sarbet: break-in,Police,amharic,
Medical emergency! several injured people at my Home.,Medical/Hospital,,
"Weather report, thanks thanks",Other,,
Police emergency! group with weapons at Gerji,Police,amharic,
Medical emergency at the Office: unconscious person.,Medical/Hospital,,
Emergency! Send fire truck to Kebele 02 - fire on the balcony.,Fire Force,,
Send fire truck to an Apartment building: warehouse fire,Fire Force,,0.85
"Hi thank you, thanks thanks",Other,,
"Please send the fire force to the Central Bank, there is something burning.",Fire Force,,
Hatte Central Bank,Police,afaan_oromo,
Send police to Bus Terminal - stolen goods in progress,Police,amharic,
Emergency! Send police immediately to an Apartment building - group with weapons in progress.,Police,,
Emergency! There is a person with heavy bleeding at the Train Station.,Medical/Hospital,,
Send fire truck to Piazza: brush fire,Fire Force,afaan_oromo,
Emergency! Need police at the University campus - mugging.,Police,,
Just system test,Other,,
Officer required at the Stadium: riot.,Police,,
Need firefighters at High School for warehouse fire,Fire Force,afaan_oromo,
Emergency! Reporting explosion at CMC Condominium.,Fire Force,,
Please send police to CMC Condominium for thief.,Police,,
There is a person with poisoning at the University campus.,Medical/Hospital,,
Emergency! Send fire truck to the local Pharmacy - flames spreading.,Fire Force,,
Please send police to Gerji for burglary.,Police,,
Emergency! There is break-in happening at CMC Condominium.,Police,,
Hospitaala nan barbaada Adama Market,Fire Force,afaan_oromo,
"Hi, is anyone there thanks",Other,,
Just checking,Other,,
Emergency medical assistance needed at Adama Market for overdose.,Medical/Hospital,,
Police emergency! break-in at Summit,Police,,0.95
Emergency! Send fire truck to the Central Bank - inferno.,Fire Force,,
Emergency! Reporting inferno at the Train Station.,Fire Force,,
Checking in - weather report,Other,,
Emergency! Need police at CMC Condominium - assault.,Police,,
"Kitchen fire, burn victim at Main Road",Fire Force,,0.69
Reporting break-in at Kazanchis,Police,amharic,
Medical emergency! person who fell at Kazanchis.,Medical/Hospital,,
Please send paramedics to Bole Road: overdose.,Medical/Hospital,,
Emergency! bleeding at High School,Medical/Hospital,,0.88
"Hello, good morning please",Other,,
Person with unconscious at Gas Station,Medical/Hospital,amharic,
Emergency! Officer required at the University campus: vandalism.,Police,,
Police emergency! group with weapons at the Park.,Police,,
Send fire truck to High School: kitchen fire,Fire Force,amharic,
Need an ambulance at the local Pharmacy - choking incident.,Medical/Hospital,,
Emergency! Officer required at the Park: suspicious person.,Police,,
Need police at Fire Station for kidnapping attempt,Police,afaan_oromo,
Someone has burn victim at Kebele 02.,Medical/Hospital,,
Hatte Kebele 02,Police,afaan_oromo,
Medical emergency! overdose at the Bus Terminal.,Medical/Hospital,,
Send fire truck to Bus Terminal: brush fire,Fire Force,,0.93
Reporting drug dealing at CMC Condominium,Police,amharic,
Emergency! head injury at Main Road,Medical/Hospital,,0.74
URGENT police response needed: riot at the Bus Terminal.,Police,,
Need ambulance at Central Bank - broken leg,Medical/Hospital,afaan_oromo,
Emergency medical assistance needed at Piazza for overdose.,Medical/Hospital,,
Emergency! Help! warehouse fire at Piazza!,Fire Force,,
Need firefighters at Gas Station for chemical fire,Fire Force,amharic,
Hey Just hello world please,Other,,
Emergency! There is a person with car accident with injuries at my Home.,Medical/Hospital,,
Hi This is wrong number thanks,Other,,
Emergency! fire on the balcony at Train Station,Fire Force,amharic,
Reporting vandalism at the shopping mall.,Police,,
Need ambulance at Adama Police Station - stroke,Medical/Hospital,,0.98
Time check thanks,Other,,
Medical emergency! person not breathing at my Home.,Medical/Hospital,,
Emergency! head injury at Adama Police Station,Medical/Hospital,,0.6
Fire emergency at Mexico Square - thick smoke,Fire Force,amharic,
Hi This is hello?,Other,,
Reporting small fire at the Bus Terminal.,Fire Force,,
"Hi, wrong number",Other,,
Need ambulance at High School - choking,Medical/Hospital,amharic,
Medical emergency at Gas Station: broken leg,Medical/Hospital,amharic,
Emergency! kitchen fire at construction site,Fire Force,amharic,
URGENT police response needed: suspicious person at Kebele 02.,Police,,
Checking in - just checking thanks,Other,,
Emergency! Please send police to my Home for burglary.,Police,,
Medical emergency! broken leg at Adama Market.,Medical/Hospital,,
Need ambulance at Kebele 02 - unconscious,Medical/Hospital,afaan_oromo,
Fire emergency at Main Road - explosion,Fire Force,afaan_oromo,
Medical emergency at Kazanchis: breathing difficulty,Medical/Hospital,amharic,
Emergency! There is robbery happening at the shopping mall.,Police,,
"Hey No emergency, just how are you thanks",Other,,
Medical emergency at the Park: burn victim.,Medical/Hospital,,
Just time check,Other,,
Emergency! Need firefighters at Kebele 04 for huge flames.,Fire Force,,
Send police to Main Road - break-in in progress,Police,afaan_oromo,
Medical emergency at Central Bank: fainting,Medical/Hospital,afaan_oromo,
Emergency! Reporting harassment at the Main Road.,Police,,
Police emergency! harassment at CMC Condominium.,Police,,
"Hello, how to use this",Other,,
Need firefighters at Piazza for something burning,Fire Force,,0.96
Reporting domestic dispute at Central Bank,Police,,0.91
Emergency! unconscious at Adama Police Station,Medical/Hospital,afaan_oromo,
Emergency! Please send paramedics to Kebele 04: fainting spell.,Medical/Hospital,,
Emergency! Someone has head injury at the Bus Terminal.,Medical/Hospital,,
Police emergency! armed suspect at the Park.,Police,,
Emergency! Reporting person who fell at Kebele 04.,Medical/Hospital,,
Medical emergency at an Apartment building: breathing difficulty,Medical/Hospital,,0.92
Hey Checking in - hi there thanks,Other,,
Send police to Sarbet - drug dealing in progress,Police,amharic,
Police emergency! stabbing at the University campus.,Police,,
Need ambulance at Kebele 04 - heart attack,Medical/Hospital,,0.86
Medical emergency! choking incident at a back alley.,Medical/Hospital,,
Hello Quick question: system test thanks,Other,,
Send police to Mexico Square - stabbing in progress,Police,amharic,
Medical emergency at shopping mall: stroke,Medical/Hospital,amharic,
Emergency! Reporting allergic reaction at the Main Road.,Medical/Hospital,,
Officer required at Summit: group with weapons,Police,amharic,
Hi Quick question: thank you,Other,,
There is fire on the balcony happening at Bole Road.,Fire Force,,
Emergency! bleeding at Kebele 04,Medical/Hospital,amharic,
Need ambulance at Atlas area - collapsed,Medical/Hospital,amharic,
Hi Just how to use this thanks,Other,,
Officer required at Adama General Hospital: armed suspect,Police,,0.72
Need police at Adama Market for drug dealing,Police,amharic,
ሰረቁኝ በGerji,Fire Force,amharic,
Emergency! Officer required at my Home: robbery.,Police,,
Emergency! There is a person with head injury at the Train Station.,Medical/Hospital,,
URGENT: huge flames reported at the Train Station.,Fire Force,,
Person bleeding after stabbing at Mexico Square,Medical/Hospital,,0.64
Medical emergency at the Stadium: animal bite.,Medical/Hospital,,
Emergency! Need police at Gerji - violent fight.,Police,,
Medical emergency at the Hospital gate: fainting spell.,Medical/Hospital,,
Police emergency! thief at shopping mall,Police,,0.7
URGENT: transformer fire reported at the Bus Terminal.,Fire Force,,
Need ambulance at Gas Station - woman in labor,Medical/Hospital,afaan_oromo,
This is app feedback,Other,,
Emergency medical assistance needed at Atlas area for animal bite.,Medical/Hospital,,
URGENT police response needed: violent fight at the University campus.,Police,,
"Fight with weapons, people injured at Adama Police Station",Police,,0.59
There is a person with seizure at the Hospital gate.,Medical/Hospital,,
Please send police to Kebele 04 for thief.,Police,,
"Hi, hello thanks",Other,,
URGENT police response needed: drug dealing at the Central Bank.,Police,,
Someone has woman in labor at the University campus.,Medical/Hospital,,
Send fire truck to Adama General Hospital: electrical sparks,Fire Force,amharic,
Officer required at an Apartment building: robbery,Police,,0.91
Need police at my Home - break-in.,Police,,
Officer required at Adama Police Station: mugging,Police,,0.86
Emergency! choking at Gerji,Medical/Hospital,,0.93
እርዳታ ያስፈልገኛል በFire Station,Police,amharic,
How are you,Other,,
Need firefighters at Summit for flames spreading.,Fire Force,,
Reporting inferno at the Park.,Fire Force,,
Person with car accident with injuries at Bus Terminal,Medical/Hospital,,0.97
"Kitchen fire, burn victim at Central Bank",Fire Force,,0.61
Car accident with fire at Adama General Hospital,Fire Force,,0.57
Need police at Adama Market for riot,Police,,0.87
Poolisiin na biliisa High School,Fire Force,afaan_oromo,
Reporting drug dealing at Gerji,Police,amharic,
Emergency! Reporting poisoning at the local Pharmacy.,Medical/Hospital,,
Send fire truck to Adama General Hospital: gas leak,Fire Force,amharic,
Reporting stolen goods at Piazza,Police,,0.93
Emergency medical assistance needed at the construction site for stroke.,Medical/Hospital,,
Emergency! head injury at Bus Terminal,Medical/Hospital,amharic,
Reporting several injured people at the High School.,Medical/Hospital,,
Emergency! breathing difficulty at construction site,Medical/Hospital,afaan_oromo,
"Fight with weapons, people injured at Bus Terminal",Police,,0.63
Fire emergency at High School - electrical sparks,Fire Force,afaan_oromo,
Medical emergency! head injury at the Bus Terminal.,Medical/Hospital,,
Reporting fire in the basement at Central Bank,Fire Force,amharic,
Police emergency! robbery at Central Bank,Police,,0.92
Hello Just general question,Other,,
Need police at Mexico Square for burglary,Police,amharic,
Emergency! There is kidnapping attempt happening at the shopping mall.,Police,,
"Please send the fire force to the Office, there is thick smoke.",Fire Force,,
Emergency! Help! huge flames at Sarbet!,Fire Force,,
Emergency! breathing difficulty at Main Road,Medical/Hospital,,0.9
Witnessed drug dealing at Sarbet.,Police,,
Fire emergency at an Apartment building - huge flames,Fire Force,afaan_oromo,
Emergency! Need an ambulance at a back alley - collapsed person.,Medical/Hospital,,
Need ambulance at CMC Condominium - stroke,Medical/Hospital,afaan_oromo,
Quick question: time check?,Other,,
Person with fainting at Adama Market,Medical/Hospital,,0.95
Emergency! There is burning smell happening at the Central Bank.,Fire Force,,
Medical emergency at Bus Terminal: choking,Medical/Hospital,amharic,
Need police at shopping mall for mugging,Police,,0.86
Hello Checking in - just checking,Other,,
Hafuura baafachuu dadhabe Fire Station,Medical/Hospital,afaan_oromo,
Medical emergency at Central Bank: overdose,Medical/Hospital,,0.74
Hey testing the app thanks,Other,,
Hello world thanks,Other,,
Need firefighters at the Central Bank for small fire.,Fire Force,,
Emergency! There is electrical sparks happening at the main Factory.,Fire Force,,
Hi This is time check please,Other,,
Emergency! Reporting robbery at the Hospital gate.,Police,,
Medical emergency! car accident with injuries at my Home.,Medical/Hospital,,
"Please send the fire force to the Office, there is huge flames.",Fire Force,,
Reporting riot at CMC Condominium,Police,,0.76
Police emergency! vandalism at shopping mall,Police,afaan_oromo,
Medical emergency at Mexico Square: allergic reaction,Medical/Hospital,afaan_oromo,
"Hello No emergency, just time check?",Other,,
Officer required at Adama Market: shooting,Police,afaan_oromo,
Fire emergency at Adama General Hospital - fire on the balcony,Fire Force,afaan_oromo,
"Fight with weapons, people injured at Piazza",Police,,0.61
Domestic violence with injuries at Central Bank,Police,,0.62
Police emergency! harassment at Central Bank,Police,amharic,
Medical emergency at an Apartment building: broken leg,Medical/Hospital,amharic,
Emergency! Need police at the Main Road - violent fight.,Police,,
Emergency! I see huge flames at Kebele 02.,Fire Force,,
Need police at Kebele 04 for armed suspect,Police,amharic,
Person with overdose at Atlas area,Medical/Hospital,afaan_oromo,
Emergency! Help! warehouse fire at Kebele 04!,Fire Force,,
Emergency! Someone has choking incident at a back alley.,Medical/Hospital,,
Hi weather report thanks,Other,,
Emergency medical assistance needed at the construction site for several injured people.,Medical/Hospital,,
Need ambulance at Gerji - seizure,Medical/Hospital,afaan_oromo,
URGENT: gas leak reported at Kebele 04.,Fire Force,,
Reporting burn victim at Kebele 02.,Medical/Hospital,,
"Hey Hi, hi there thanks",Other,,
Emergency! Need firefighters at Mexico Square for gas leak.,Fire Force,,
Testing,Other,amharic,
Need ambulance at Gas Station - collapsed,Medical/Hospital,,0.96
Medical emergency at Gas Station: animal bite,Medical/Hospital,afaan_oromo,
Medical emergency at the Main Road: head injury.,Medical/Hospital,,
There is a person with car accident with injuries at my Home.,Medical/Hospital,,
Need police at Central Bank for stolen goods,Police,,0.94
"Emergency! Please send the fire force to Kazanchis, there is explosion.",Fire Force,,
Emergency! There is a person with allergic reaction at Kebele 02.,Medical/Hospital,,
"Hey No emergency, just general question please",Other,,
Please send police to Gerji for stolen goods.,Police,,
Officer required at Kebele 02: group with weapons,Police,afaan_oromo,
Medical emergency at a back alley: person not breathing.,Medical/Hospital,,
Medical emergency at Kazanchis: overdose,Medical/Hospital,afaan_oromo,
Quick question: testing,Other,afaan_oromo,
Please send police to the shopping mall for vandalism.,Police,,
Help! fire in the basement at Piazza!,Fire Force,,
Reporting car theft at Mexico Square,Police,amharic,
Emergency! I see smoke coming from the roof at Kazanchis.,Fire Force,,
Emergency! Send police immediately to the Central Bank - drug dealing in progress.,Police,,
Emergency! Reporting fire in the basement at my Home.,Fire Force,,
Need firefighters at the Office for flames spreading,Fire Force,,0.92
Emergency! Reporting kidnapping attempt at Kebele 04.,Police,,
Emergency! Reporting unconscious person at the High School.,Medical/Hospital,,
Reporting suspicious person at the Office,Police,,0.84
Reporting broken leg at Atlas area.,Medical/Hospital,,
Police emergency! kidnapping attempt at Piazza,Police,,0.84
Emergency! There is vandalism happening at the shopping mall.,Police,,
"Hi, time check",Other,,
Emergency! Help! warehouse fire at the Office!,Fire Force,,
Send fire truck to shopping mall: something burning,Fire Force,,0.93
URGENT: allergic reaction at the Park.,Medical/Hospital,,
Send police to Main Road - kidnapping attempt in progress,Police,amharic,
Emergency! Help! massive blaze at the main Factory!,Fire Force,,
Emergency! Please send paramedics to the Hospital gate: breathing difficulty.,Medical/Hospital,,
Emergency! Reporting breathing difficulty at the Stadium.,Medical/Hospital,,
Reporting fire at Fire Station,Fire Force,amharic,
Emergency! Officer required at Adama Market: riot.,Police,,
"Hey how to use this, thanks please",Other,,
Medical emergency at construction site: stroke,Medical/Hospital,amharic,
Send police to Train Station - assault in progress,Police,afaan_oromo,
Emergency! Someone has breathing difficulty at the University campus.,Medical/Hospital,,
"No emergency, just hi there",Other,,
"Hi, hello world",Other,,
Please send paramedics to CMC Condominium: fainting,Medical/Hospital,afaan_oromo,
Officer required at shopping mall: burglary,Police,amharic,
Hello This is is anyone there please,Other,,
ፖሊስ ይደውሉልኝ በBus Terminal,Police,amharic,
Quick question: thank you,Other,,
Emergency! There is car theft happening at the Stadium.,Police,,
Send police to Adama Market - robbery in progress,Police,,0.87
Reporting shooting at the Office,Police,,0.74
Reporting kitchen fire at shopping mall,Fire Force,amharic,
Reporting several injured people at CMC Condominium.,Medical/Hospital,,
Emergency! Send fire truck to Piazza - kitchen fire.,Fire Force,,
"Fight with weapons, people injured at Kazanchis",Police,,0.63
ሰረቁኝ በBus Terminal,Fire Force,amharic,
Emergency! Reporting suspicious person at Sarbet.,Police,,
Reporting breathing difficulty at the High School.,Medical/Hospital,,
URGENT: car accident with injuries at an Apartment building.,Medical/Hospital,,
Reporting armed suspect at Kebele 04,Police,amharic,
Medical emergency! person not breathing at the Office.,Medical/Hospital,,
Fire emergency at Gas Station - fire,Fire Force,,0.89
Need firefighters at the Office for gas leak,Fire Force,afaan_oromo,
I see transformer fire at Mexico Square.,Fire Force,,
Officer required at Sarbet: group with weapons,Police,amharic,
Send fire truck to Train Station: fire on the balcony,Fire Force,,0.96
Reporting brush fire at High School,Fire Force,afaan_oromo,
Send police to Gerji - armed suspect in progress,Police,,0.96
Lapheen ni dhukkuba Central Bank,Police,afaan_oromo,
Emergency! There is group with weapons happening at the Office.,Police,,
URGENT police response needed: drug dealing at the Train Station.,Police,,
Send police to Adama Market - domestic dispute in progress,Police,afaan_oromo,
Reporting assault at Piazza,Police,,0.93
This is weather report,Other,,
Reporting huge flames at Adama Market,Fire Force,afaan_oromo,
Emergency! Need firefighters at the shopping mall for warehouse fire.,Fire Force,,
Reporting explosion at shopping mall,Fire Force,,0.88
Reporting riot at Central Bank,Police,,0.76
"Hello, thank you",Other,,
Hey Checking in - app feedback?,Other,,
Reporting thief at Sarbet,Police,amharic,
Need firefighters at Main Road for fire in the basement,Fire Force,afaan_oromo,
Person with fainting at the Office,Medical/Hospital,,0.91
Emergency! Officer required at the Park: break-in.,Police,,
Hey Quick question: hi there?,Other,,
Send fire truck to Train Station: gas leak,Fire Force,,0.94
Officer required at CMC Condominium: mugging,Police,amharic,
Emergency! chemical fire at High School,Fire Force,afaan_oromo,
Emergency medical assistance needed at Mexico Square for collapsed person.,Medical/Hospital,,
Send fire truck to Train Station: fire,Fire Force,amharic,
Hi there please,Other,,
Officer required at Mexico Square: stabbing,Police,,0.91
Emergency! There is riot happening at the Gas Station.,Police,,
"No emergency, just hello world",Other,,
URGENT: smoke coming from the roof reported at the High School.,Fire Force,,
Send police to Kazanchis - harassment in progress,Police,afaan_oromo,
Send fire truck to construction site: massive blaze,Fire Force,afaan_oromo,
Send police to Summit - violent fight in progress,Police,,0.9
Police emergency! assault at Mexico Square,Police,amharic,
"Thank you, thanks please",Other,,
Medical emergency at Kebele 04: seizure,Medical/Hospital,,0.94
Emergency! Officer required at Sarbet: break-in.,Police,,
Send police to construction site - stabbing in progress,Police,amharic,
Send police to Kazanchis - stolen goods in progress,Police,afaan_oromo,
URGENT: inferno reported at Bole Road.,Fire Force,,
Emergency! poisoning at Adama Police Station,Medical/Hospital,,0.92
Medical emergency at CMC Condominium: choking,Medical/Hospital,afaan_oromo,
Emergency! burning smell at the Park.,Fire Force,,
URGENT: thick smoke reported at the local Pharmacy.,Fire Force,,
Emergency! chemical fire at Fire Station,Fire Force,amharic,
Medical emergency! unconscious person at CMC Condominium.,Medical/Hospital,,
Police emergency! drug dealing at Adama Police Station,Police,,0.81
Emergency! There is smoke coming from the roof happening at Adama Market.,Fire Force,,
Officer required at the construction site: stabbing.,Police,,
Please send paramedics to Adama Police Station: bleeding,Medical/Hospital,afaan_oromo,
Reporting fainting spell at the Park.,Medical/Hospital,,
Medical emergency at Train Station: seizure,Medical/Hospital,afaan_oromo,
Need police at Gerji - car theft.,Police,,
Emergency! Reporting something burning at Adama Market.,Fire Force,,
Police emergency! violent fight at CMC Condominium,Police,afaan_oromo,
Emergency! There is kidnapping attempt happening at the Park.,Police,,
Medical emergency at University campus: seizure,Medical/Hospital,amharic,
Emergency! warehouse fire at Adama General Hospital,Fire Force,,0.94
Emergency! Send fire truck to the Main Road - huge flames.,Fire Force,,
Reporting thick smoke at Gas Station,Fire Force,,0.94
Emergency! Someone has stroke at CMC Condominium.,Medical/Hospital,,
"Fight with weapons, people injured at Gas Station",Police,,0.63
Emergency! Need firefighters at the Central Bank for transformer fire.,Fire Force,,
Need police at Summit - violent fight.,Police,,
There is brush fire happening at Piazza.,Fire Force,,
Send fire truck to Main Road: huge flames,Fire Force,afaan_oromo,
Witnessed break-in at the Gas Station.,Police,,
Emergency! There is stolen goods happening at the local Pharmacy.,Police,,
Reporting mugging at Central Bank,Police,afaan_oromo,
Emergency! There is warehouse fire happening at Bole Road.,Fire Force,,
Hospitaala nan barbaada Mexico Square,Police,afaan_oromo,
Officer required at Fire Station: burglary,Police,amharic,
Please send paramedics to Central Bank: bleeding,Medical/Hospital,,0.71
Send fire truck to Adama General Hospital: transformer fire,Fire Force,amharic,
Need firefighters at Piazza for burning smell,Fire Force,afaan_oromo,
Emergency! Help! small fire at the main Factory!,Fire Force,,
Hello,Other,,0.86
Emergency! fire in the basement at Central Bank,Fire Force,amharic,
Emergency! There is domestic dispute happening at the Park.,Police,,
Medical emergency at Bole Road: poisoning.,Medical/Hospital,,
URGENT: stroke at Bole Road.,Medical/Hospital,,
I see brush fire at the shopping mall.,Fire Force,,
Emergency! Reporting group with weapons at Adama Market.,Police,,
Emergency! Need police at the Bus Terminal - violent fight.,Police,,
Medical emergency at my Home: poisoning.,Medical/Hospital,,
እስትንፋስ እየተቸገርኩ ነው በSarbet,Medical/Hospital,amharic,
Person with allergic reaction at Gas Station,Medical/Hospital,afaan_oromo,
Police emergency! suspicious person at Gerji,Police,,0.91
Reporting stolen goods at the Office,Police,amharic,
Emergency! There is explosion happening at the Main Road.,Fire Force,,
Reporting stabbing at an Apartment building,Police,amharic,
There is shooting happening at Adama Market.,Police,,
This is how to use this,Other,,
Medical emergency at Mexico Square: overdose.,Medical/Hospital,,
"No emergency, just general question thanks",Other,,
Need firefighters at an Apartment building for smoke coming from the roof,Fire Force,amharic,
Reporting car theft at an Apartment building,Police,afaan_oromo,
Reporting mugging at the Train Station.,Police,,
Officer required at the Bus Terminal: stolen goods.,Police,,
URGENT: woman in labor at the Office.,Medical/Hospital,,
Emergency! Reporting person not breathing at Adama Market.,Medical/Hospital,,
Emergency! explosion at construction site,Fire Force,,0.79
Emergency! Reporting transformer fire at the University campus.,Fire Force,,
Hi thank you thanks,Other,,
Send fire truck to Fire Station: fire on the balcony,Fire Force,,0.89
Need ambulance at University campus - choking,Medical/Hospital,amharic,
Hey Just system test?,Other,,
Send police immediately to Bole Road - break-in in progress.,Police,,
Just how are you,Other,,
"Hi there, thanks?",Other,,
Emergency! brush fire at Bus Terminal,Fire Force,afaan_oromo,
Emergency! burn victim at Adama General Hospital,Medical/Hospital,afaan_oromo,
Need firefighters at the Office for explosion,Fire Force,,0.89
Emergency! brush fire at CMC Condominium,Fire Force,,0.91
Person with breathing difficulty at University campus,Medical/Hospital,,0.95
URGENT police response needed: domestic dispute at the Train Station.,Police,,
Officer required at the University campus: stabbing.,Police,,
"Hey hello world, thanks",Other,,
Reporting inferno at shopping mall,Fire Force,afaan_oromo,
Need police at Kebele 04 for harassment,Police,,0.86
Send fire truck to Mexico Square - explosion.,Fire Force,,
Officer required at Sarbet: assault,Police,afaan_oromo,
Emergency! Send fire truck to the Park - transformer fire.,Fire Force,,
Medical emergency at Bus Terminal: breathing difficulty,Medical/Hospital,afaan_oromo,
Person with breathing difficulty at Fire Station,Medical/Hospital,afaan_oromo,
Emergency! Send fire truck to the Train Station - smoke coming from the roof.,Fire Force,,
Reporting robbery at Bus Terminal,Police,amharic,
Emergency! Need police at the Park - armed suspect.,Police,,
Emergency! burning smell at Main Road,Fire Force,afaan_oromo,
Emergency! There is a person with stroke at the Train Station.,Medical/Hospital,,
Emergency! burning smell at Sarbet,Fire Force,amharic,
Emergency! Reporting suspicious person at the Central Bank.,Police,,
Police emergency! thief at Main Road,Police,amharic,
"Hi No emergency, just hello world please",Other,,
Send police to CMC Condominium - robbery in progress,Police,amharic,
Reporting transformer fire at construction site,Fire Force,,0.97
Reporting warehouse fire at shopping mall,Fire Force,amharic,
Need police at Kebele 02 for stolen goods,Police,amharic,
URGENT: explosion reported at the Central Bank.,Fire Force,,
Reporting kidnapping attempt at construction site,Police,afaan_oromo,
Send police to University campus - shooting in progress,Police,afaan_oromo,
Emergency! Need police at Mexico Square - violent fight.,Police,,
Police emergency! riot at Sarbet,Police,,0.93
Emergency! brush fire at Train Station,Fire Force,,0.86
"Hi good morning, thanks",Other,,
Emergency! Officer required at CMC Condominium: thief.,Police,,
Reporting kidnapping attempt at Gas Station,Police,amharic,
Emergency! Need police at CMC Condominium - mugging.,Police,,
Emergency! Need police at Atlas area - group with weapons.,Police,,
Send fire truck to Train Station: flames spreading,Fire Force,amharic,
There is a person with stroke at the University campus.,Medical/Hospital,,
Emergency! Need firefighters at the construction site for thick smoke.,Fire Force,,
Need firefighters at Mexico Square for massive blaze.,Fire Force,,
Medical emergency at Train Station: head injury,Medical/Hospital,afaan_oromo,
Emergency! Reporting thief at Mexico Square.,Police,,
"General question, thanks",Other,,
Reporting huge flames at Kebele 02,Fire Force,,0.85
URGENT: seizure at the shopping mall.,Medical/Hospital,,
"Testing the app, thanks",Other,,
Police emergency! suspicious person at Mexico Square,Police,afaan_oromo,
Emergency! Please send paramedics to the construction site: woman in labor.,Medical/Hospital,,
Medical emergency at a back alley: choking incident.,Medical/Hospital,,
Emergency! I see kitchen fire at the Park.,Fire Force,,
"Emergency! Please send the fire force to the Park, there is thick smoke.",Fire Force,,
Emergency! Someone has poisoning at the Gas Station.,Medical/Hospital,,
Need police at Piazza for car theft,Police,amharic,
Hey Just app feedback?,Other,,
Hello This is good morning thanks,Other,,
There is burglary happening at Sarbet.,Police,,
Police emergency! kidnapping attempt at CMC Condominium,Police,amharic,
Send police to Kazanchis - domestic dispute in progress,Police,,0.88
Hello This is testing the app please,Other,,
Emergency! Please send paramedics to Atlas area: seizure.,Medical/Hospital,,
Fire emergency at Bus Terminal - explosion,Fire Force,amharic,
Emergency! I see chemical fire at the Stadium.,Fire Force,,
Please send paramedics to the Office: broken leg,Medical/Hospital,,0.87
Person with woman in labor at Kebele 04,Medical/Hospital,afaan_oromo,
URGENT: breathing difficulty at the Main Road.,Medical/Hospital,,
This is hello?,Other,,
Person with choking at Sarbet,Medical/Hospital,afaan_oromo,
Emergency! There is a person with poisoning at an Apartment building.,Medical/Hospital,,
Reporting seizure at Piazza.,Medical/Hospital,,
Hey Checking in - app feedback,Other,,
"No emergency, just system test",Other,,
Emergency! heart attack at Adama Police Station,Medical/Hospital,amharic,
ፖሊስ ይደውሉልኝ በMain Road,Police,amharic,
URGENT: breathing difficulty at Kebele 02.,Medical/Hospital,,
I see kitchen fire at a back alley.,Fire Force,,
Emergency medical assistance needed at the Park for burn victim.,Medical/Hospital,,
Need firefighters at Adama General Hospital for flames spreading,Fire Force,afaan_oromo,
Send fire truck to Central Bank: flames spreading,Fire Force,afaan_oromo,
Hi app feedback please,Other,,
Emergency! Please send police to the construction site for assault.,Police,,
Need firefighters at the High School for electrical sparks.,Fire Force,,
ሰረቁኝ በHigh School,Medical/Hospital,amharic,
Checking in - hi there please,Other,,
Emergency! Witnessed assault at the Central Bank.,Police,,
"Hi Hi, testing the app?",Other,,
Emergency! Need police at Gerji - stabbing.,Police,,
I see electrical sparks at the High School.,Fire Force,,
Police emergency! violent fight at Train Station,Police,amharic,
Reporting huge flames at Piazza.,Fire Force,,
Need ambulance at shopping mall - head injury,Medical/Hospital,,0.9
Emergency! Witnessed assault at the Main Road.,Police,,
Send fire truck to Atlas area: gas leak,Fire Force,,0.85
Emergency! Need an ambulance at the Main Road - heavy bleeding.,Medical/Hospital,,
Please send paramedics to Gerji: allergic reaction,Medical/Hospital,,0.76
Medical emergency at Summit: broken leg.,Medical/Hospital,,
Need firefighters at an Apartment building for electrical sparks,Fire Force,,0.53
Reporting inferno at High School,Fire Force,afaan_oromo,
Just just checking please,Other,,
Hi This is good morning,Other,,
Officer required at Mexico Square: vandalism.,Police,,
"Hey Hi, app feedback",Other,,
URGENT: warehouse fire reported at my Home.,Fire Force,,
Send fire truck to Kebele 04: fire on the balcony,Fire Force,afaan_oromo,
URGENT police response needed: drug dealing at the Gas Station.,Police,,
"Emergency! Please send the fire force to Piazza, there is fire in the basement.",Fire Force,,
Reporting explosion at Adama Market.,Fire Force,,
Need firefighters at shopping mall for something burning,Fire Force,,0.96
Emergency! kitchen fire at Adama General Hospital,Fire Force,afaan_oromo,
ልቤ ይታመማል በBus Terminal,Fire Force,amharic,
Please send paramedics to Adama Police Station: breathing difficulty,Medical/Hospital,,0.51
Emergency! There is chemical fire happening at the Park.,Fire Force,,
Emergency! Send fire truck to the University campus - huge flames.,Fire Force,,
Need firefighters at Kebele 04 for electrical sparks,Fire Force,,0.7
URGENT: huge flames reported at CMC Condominium.,Fire Force,,
"Hi Hi, is anyone there?",Other,,
Police emergency! mugging at Kebele 04.,Police,,
Reporting flames spreading at Main Road,Fire Force,,0.9
Emergency medical assistance needed at Mexico Square for broken leg.,Medical/Hospital,,
Need ambulance at Piazza - burn victim,Medical/Hospital,afaan_oromo,
Send police to Atlas area - robbery in progress,Police,amharic,
URGENT: overdose at Adama Market.,Medical/Hospital,,
Fire emergency at Train Station - thick smoke,Fire Force,amharic,
Reporting assault at Gerji,Police,afaan_oromo,
Hi time check,Other,,
Send police to Summit - burglary in progress,Police,afaan_oromo,
"Hi how are you, thanks?",Other,,
Emergency! explosion at Main Road,Fire Force,,0.86
URGENT police response needed: car theft at Gerji.,Police,,
"Hello No emergency, just wrong number",Other,,
Emergency! flames spreading at the shopping mall.,Fire Force,,
Reporting inferno at Fire Station,Fire Force,,0.71
URGENT police response needed: domestic dispute at Gerji.,Police,,
Emergency! heart attack at Adama General Hospital,Medical/Hospital,,0.47
Emergency! Please send paramedics to the High School: person who fell.,Medical/Hospital,,
Police emergency! assault at Train Station,Police,afaan_oromo,
Fire emergency at Adama Police Station - fire on the balcony,Fire Force,,0.95
Send police to Mexico Square - car theft in progress,Police,,0.95
There is massive blaze happening at the shopping mall.,Fire Force,,
"Hello Hello, hello",Other,,
Reporting fire on the balcony at Kazanchis,Fire Force,afaan_oromo,
Reporting assault at Mexico Square,Police,,0.88
Need firefighters at the Main Road for massive blaze.,Fire Force,,
Reporting kidnapping attempt at Central Bank,Police,amharic,
Police emergency! armed suspect at the Stadium.,Police,,
URGENT: poisoning at Piazza.,Medical/Hospital,,
"Emergency! Please send the fire force to the Gas Station, there is kitchen fire.",Fire Force,,
Emergency! Please send police to the University campus for assault.,Police,,
Send fire truck to Bole Road - small fire.,Fire Force,,
Emergency! Reporting animal bite at the Hospital gate.,Medical/Hospital,,
Reporting group with weapons at Piazza,Police,,0.9
"Emergency! Please send the fire force to the construction site, there is transformer fire.",Fire Force,,
Need ambulance at Sarbet - breathing difficulty,Medical/Hospital,,0.87
Reporting burglary at Mexico Square,Police,amharic,
Send police to Main Road - domestic dispute in progress,Police,afaan_oromo,
Emergency! Send fire truck to Bole Road - fire in the basement.,Fire Force,,
This is hi there,Other,,
Police emergency! car theft at the shopping mall.,Police,,
Police emergency! stolen goods at Bus Terminal,Police,amharic,
Emergency! I see massive blaze at the local Pharmacy.,Fire Force,,
Emergency! Need firefighters at the Stadium for smoke coming from the roof.,Fire Force,,
Emergency! kitchen fire at Bus Terminal,Fire Force,amharic,
This is time check,Other,,
Emergency! Reporting domestic dispute at the Train Station.,Police,,
Emergency! There is smoke coming from the roof happening at the Office.,Fire Force,,
Emergency! There is massive blaze happening at my Home.,Fire Force,,
Reporting robbery at Central Bank,Police,amharic,
Reporting mugging at Atlas area,Police,afaan_oromo,
Reporting something burning at the Office.,Fire Force,,
Hey Just general question,Other,,
Emergency! Officer required at Bole Road: riot.,Police,,
"Time check, thanks",Other,,
Emergency! I see warehouse fire at my Home.,Fire Force,,
URGENT: kitchen fire reported at the shopping mall.,Fire Force,,
Hi This is how are you please,Other,,
Fire emergency at Main Road - inferno,Fire Force,amharic,
Emergency! Please send police to the local Pharmacy for mugging.,Police,,
Send police to Gerji - harassment in progress,Police,,0.7
Emergency! There is a person with burn victim at the local Pharmacy.,Medical/Hospital,,
Medical emergency at Summit: heart attack.,Medical/Hospital,,
Car accident with fire at construction site,Fire Force,,0.67
Need firefighters at Central Bank for smoke coming from the roof,Fire Force,,0.94
Emergency! Witnessed violent fight at Bole Road.,Police,,
Fire emergency at CMC Condominium - warehouse fire,Fire Force,,0.89
Police emergency! robbery at Kebele 04,Police,amharic,
Emergency! warehouse fire at the Main Road.,Fire Force,,
Emergency! Need firefighters at Piazza for thick smoke.,Fire Force,,
Medical emergency at shopping mall: animal bite,Medical/Hospital,afaan_oromo,
Hi thank you?,Other,,
URGENT police response needed: stolen goods at the Train Station.,Police,,
Need police at Summit for suspicious person,Police,,0.88
Police emergency! kidnapping attempt at the Office.,Police,,
"Hi No emergency, just thank you thanks",Other,,
Witnessed stolen goods at the High School.,Police,,
Emergency! burn victim at an Apartment building,Medical/Hospital,afaan_oromo,
Need police at Kazanchis for shooting,Police,,0.51
Lapheen ni dhukkuba Kebele 04,Police,afaan_oromo,
Need police at Kebele 02 for robbery,Police,,0.86
Need firefighters at Main Road for kitchen fire,Fire Force,amharic,
URGENT: burn victim at the Main Road.,Medical/Hospital,,
Officer required at an Apartment building: domestic dispute,Police,afaan_oromo,
URGENT: poisoning at Atlas area.,Medical/Hospital,,
Help! burning smell at the shopping mall!,Fire Force,,
Please send paramedics to High School: choking,Medical/Hospital,afaan_oromo,
Send fire truck to Mexico Square: smoke coming from the roof,Fire Force,,0.8
Ibidda Kebele 02,Police,afaan_oromo,
እሳት ወጥቷል በKazanchis,Police,amharic,
Officer required at Kazanchis: group with weapons,Police,afaan_oromo,
Emergency! warehouse fire at Bus Terminal,Fire Force,,0.88
Police emergency! robbery at Summit,Police,afaan_oromo,
Emergency! fire on the balcony at CMC Condominium,Fire Force,amharic,
Person with heart attack at University campus,Medical/Hospital,amharic,
Person with car accident with injuries at Summit,Medical/Hospital,,0.69
Emergency! Officer required at my Home: group with weapons.,Police,,
Need police at Atlas area for stolen goods,Police,afaan_oromo,
Emergency! Help! something burning at the Central Bank!,Fire Force,,
Please send paramedics to Gas Station: head injury,Medical/Hospital,,0.79
Reporting break-in at the Central Bank.,Police,,
Send police to Piazza - violent fight in progress,Police,afaan_oromo,
Poolisiin na biliisa Atlas area,Fire Force,afaan_oromo,
Reporting stabbing at the Train Station.,Police,,
Police emergency! burglary at Bus Terminal,Police,amharic,
Need ambulance at Kazanchis - bleeding,Medical/Hospital,afaan_oromo,
Emergency! collapsed at Bus Terminal,Medical/Hospital,amharic,
Person with stroke at an Apartment building,Medical/Hospital,amharic,
Emergency! Need police at the Bus Terminal - stolen goods.,Police,,
Hi Quick question: good morning?,Other,,
Reporting fire at the Office,Fire Force,amharic,
Police emergency! shooting at Kebele 02.,Police,,
Emergency! There is a person with allergic reaction at the local Pharmacy.,Medical/Hospital,,
Hospitaala nan barbaada Kebele 04,Police,afaan_oromo,
Person with poisoning at Adama General Hospital,Medical/Hospital,,0.89
እሳት ወጥቷል በSummit,Medical/Hospital,amharic,
Fire emergency at Bus Terminal - fire in the basement,Fire Force,afaan_oromo,
Person with animal bite at construction site,Medical/Hospital,amharic,
There is chemical fire happening at the High School.,Fire Force,,
Emergency! Reporting poisoning at Mexico Square.,Medical/Hospital,,
Police emergency! harassment at Sarbet,Police,amharic,
Reporting electrical sparks at Adama Market,Fire Force,amharic,
There is a person with heavy bleeding at the local Pharmacy.,Medical/Hospital,,
Emergency! huge flames at Kebele 02.,Fire Force,,
Medical emergency! car accident with injuries at Kebele 02.,Medical/Hospital,,
ሆስፒታል ያስፈልገኛል በshopping mall,Fire Force,amharic,
"Hey time check, thanks thanks",Other,,
"Hey system test, thanks?",Other,,
Emergency! Need an ambulance at Adama Market - choking incident.,Medical/Hospital,,
"Hi, hello world?",Other,,
Send police to Adama Police Station - burglary in progress,Police,amharic,
Need firefighters at Central Bank for brush fire,Fire Force,,0.86
Hello time check,Other,,
Officer required at CMC Condominium: riot.,Police,,
I see chemical fire at the main Factory.,Fire Force,,
Reporting kitchen fire at Gas Station,Fire Force,afaan_oromo,
Need firefighters at Central Bank for burning smell,Fire Force,,0.89
Fire emergency at Main Road - thick smoke,Fire Force,amharic,
Need police at the Train Station - domestic dispute.,Police,,
Time check,Other,,
URGENT: something burning reported at the shopping mall.,Fire Force,,
Police emergency! suspicious person at CMC Condominium.,Police,,
Reporting brush fire at the Office,Fire Force,,0.98
Poolisiin na biliisa construction site,Police,afaan_oromo,
Hi Checking in - just checking thanks,Other,,
Medical emergency at Main Road: car accident with injuries,Medical/Hospital,amharic,
Poolisiin na biliisa Central Bank,Police,afaan_oromo,
Please send paramedics to High School: heart attack,Medical/Hospital,afaan_oromo,
Emergency! fire at Main Road,Fire Force,afaan_oromo,
Ibidda an Apartment building,Medical/Hospital,afaan_oromo,
Emergency! Help! small fire at the shopping mall!,Fire Force,,
Need ambulance at construction site - stroke,Medical/Hospital,amharic,
There is suspicious person happening at Summit.,Police,,
Medical emergency at Bus Terminal: fainting,Medical/Hospital,afaan_oromo,
Emergency! Need police at the High School - stabbing.,Police,,
Police emergency! riot at an Apartment building.,Police,,
Quick question: good morning please,Other,,
Medical emergency! car accident with injuries at the Bus Terminal.,Medical/Hospital,,
Police emergency! car theft at Main Road,Police,,0.85
Person with collapsed at shopping mall,Medical/Hospital,afaan_oromo,
Just system test please,Other,,
Emergency! Officer required at Piazza: shooting.,Police,,
"Emergency! Please send the fire force to the Office, there is something burning.",Fire Force,,
Emergency! something burning at the Office,Fire Force,afaan_oromo,
Send police to Mexico Square - riot in progress,Police,afaan_oromo,
Officer required at Kebele 04: break-in,Police,,0.93
Emergency! I see something burning at the Main Road.,Fire Force,,
Reporting burglary at CMC Condominium,Police,afaan_oromo,
Hello system test?,Other,,
Need firefighters at Bus Terminal for thick smoke,Fire Force,,0.87
Reporting vandalism at Bus Terminal,Police,,0.89
Send fire truck to Piazza: inferno,Fire Force,amharic,
Need ambulance at Main Road - woman in labor,Medical/Hospital,,0.7
Reporting thief at Mexico Square,Police,amharic,
Emergency! Someone has poisoning at the Bus Terminal.,Medical/Hospital,,
Car accident with fire at Main Road,Fire Force,,0.68
URGENT: massive blaze reported at Sarbet.,Fire Force,,
Medical emergency! woman in labor at my Home.,Medical/Hospital,,
Emergency! burning smell at CMC Condominium,Fire Force,afaan_oromo,
Send police immediately to the main Factory - drug dealing in progress.,Police,,
Someone has allergic reaction at the Central Bank.,Medical/Hospital,,
Police emergency! robbery at Mexico Square.,Police,,
ፖሊስ ይደውሉልኝ በFire Station,Police,amharic,
Emergency! Reporting thick smoke at Bole Road.,Fire Force,,
Officer required at Central Bank: car theft,Police,,0.91
Send fire truck to Adama Market: fire,Fire Force,,0.95
Need firefighters at the Stadium for something burning.,Fire Force,,
Emergency medical assistance needed at a back alley for heart attack.,Medical/Hospital,,
Fire emergency at Bus Terminal - transformer fire,Fire Force,afaan_oromo,
Send fire truck to Train Station: electrical sparks,Fire Force,afaan_oromo,
URGENT police response needed: thief at Kazanchis.,Police,,
Hi app feedback,Other,,
Emergency! Reporting burglary at Piazza.,Police,,
URGENT: seizure at the Train Station.,Medical/Hospital,,
Hi This is is anyone there,Other,,
Witnessed vandalism at Kazanchis.,Police,,
Emergency! There is assault happening at Bole Road.,Police,,
"Hi, hi there?",Other,,
Emergency! Witnessed group with weapons at the shopping mall.,Police,,
Send fire truck to shopping mall: kitchen fire,Fire Force,amharic,
"Emergency! Please send the fire force to a back alley, there is flames spreading.",Fire Force,,
Someone has seizure at the Office.,Medical/Hospital,,
URGENT: head injury at Kebele 02.,Medical/Hospital,,
Send fire truck to University campus: explosion,Fire Force,,0.9
Person with choking at Adama General Hospital,Medical/Hospital,amharic,
Emergency! kitchen fire at the Stadium.,Fire Force,,
Witnessed harassment at Kebele 02.,Police,,
Medical emergency! unconscious person at the Gas Station.,Medical/Hospital,,
Medical emergency! heart attack at the main Factory.,Medical/Hospital,,
Reporting something burning at Main Road,Fire Force,,0.73
Fire emergency at Kebele 04 - electrical sparks,Fire Force,afaan_oromo,
Send police to the Office - robbery in progress,Police,amharic,
Person with bleeding at Gas Station,Medical/Hospital,amharic,
Need ambulance at Train Station - fainting,Medical/Hospital,amharic,
Medical emergency! stroke at Piazza.,Medical/Hospital,,
Emergency! Officer required at Adama Market: kidnapping attempt.,Police,,
Emergency! Help! electrical sparks at Adama Market!,Fire Force,,
Emergency! Need an ambulance at the Park - woman in labor.,Medical/Hospital,,
URGENT police response needed: group with weapons at the Gas Station.,Police,,
Emergency! animal bite at Kebele 04,Medical/Hospital,,0.88
Emergency! poisoning at the Office,Medical/Hospital,,0.93
Someone has person not breathing at the Main Road.,Medical/Hospital,,
Emergency! thick smoke at Bus Terminal,Fire Force,afaan_oromo,
Emergency! transformer fire at University campus,Fire Force,,0.89
"Hello Hello, thank you",Other,,
Reporting mugging at Train Station,Police,amharic,
Hey is anyone there please,Other,,
Need an ambulance at Summit - stroke.,Medical/Hospital,,
Emergency! head injury at Atlas area,Medical/Hospital,,0.94
URGENT: explosion reported at the Bus Terminal.,Fire Force,,
Fire emergency at Atlas area - burning smell,Fire Force,,0.9
Emergency! Please send police to the Gas Station for suspicious person.,Police,,
Police emergency! stolen goods at Fire Station,Police,afaan_oromo,
Emergency! There is kitchen fire happening at the shopping mall.,Fire Force,,
Emergency! Send fire truck to Sarbet - huge flames.,Fire Force,,
Please send paramedics to Kazanchis: woman in labor,Medical/Hospital,afaan_oromo,
Emergency! Reporting small fire at the shopping mall.,Fire Force,,
Domestic violence with injuries at High School,Police,,0.58
Need police at Main Road for robbery,Police,amharic,
Quick question: app feedback,Other,,
Emergency! Need an ambulance at the Bus Terminal - car accident with injuries.,Medical/Hospital,,
Please send police to Gerji for vandalism.,Police,,
I see brush fire at Atlas area.,Fire Force,,
Emergency! Send fire truck to CMC Condominium - kitchen fire.,Fire Force,,
Emergency! There is armed suspect happening at Gerji.,Police,,
Need ambulance at Bus Terminal - fainting,Medical/Hospital,amharic,
Emergency! Please send police to the Stadium for stabbing.,Police,,
Police emergency! domestic dispute at Bole Road.,Police,,
URGENT: stroke at the Gas Station.,Medical/Hospital,,
Fire emergency at Fire Station - brush fire,Fire Force,amharic,
Poolisiin na biliisa an Apartment building,Police,afaan_oromo,
Emergency medical assistance needed at the Bus Terminal for broken leg.,Medical/Hospital,,
Emergency! Need an ambulance at Adama Market - broken leg.,Medical/Hospital,,
Emergency! kitchen fire at High School,Fire Force,,0.71
Medical emergency at High School: car accident with injuries,Medical/Hospital,,0.78
Need police at Train Station for armed suspect,Police,afaan_oromo,
Officer required at an Apartment building: assault,Police,,0.8
Emergency! Someone has animal bite at the Main Road.,Medical/Hospital,,
Medical emergency at Summit: broken leg,Medical/Hospital,,0.77
Emergency! Help! smoke coming from the roof at the Hospital gate!,Fire Force,,
Emergency! I see fire on the balcony at a back alley.,Fire Force,,
"Hello good morning, thanks please",Other,,
Fire emergency at Main Road - transformer fire,Fire Force,,0.7
እርዳታ ያስፈልገኛል በAdama General Hospital,Medical/Hospital,amharic,
Person with burn victim at Atlas area,Medical/Hospital,,0.74
Person with woman in labor at University campus,Medical/Hospital,amharic,
URGENT: breathing difficulty at the Central Bank.,Medical/Hospital,,
Emergency! bleeding at Gas Station,Medical/Hospital,,0.71
URGENT: inferno reported at the shopping mall.,Fire Force,,
ሰረቁኝ በan Apartment building,Medical/Hospital,amharic,
"Gas leak, people unconscious at Fire Station",Fire Force,,0.57
Please send paramedics to CMC Condominium: heart attack.,Medical/Hospital,,
Fire emergency at Piazza - something burning,Fire Force,,0.92
Fire emergency at shopping mall - inferno,Fire Force,,0.83
Police emergency! car theft at an Apartment building,Police,afaan_oromo,
አደጋ ደረሰ በSarbet,Medical/Hospital,amharic,
Send police to Kebele 04 - thief in progress,Police,amharic,
Emergency! Need firefighters at the Bus Terminal for warehouse fire.,Fire Force,,
Emergency! electrical sparks at Fire Station,Fire Force,,0.96
Please send paramedics to Adama Market: head injury,Medical/Hospital,afaan_oromo,
Reporting violent fight at Train Station,Police,,0.69
Just app feedback,Other,,
Help! fire on the balcony at the High School!,Fire Force,,
Emergency! There is brush fire happening at the Train Station.,Fire Force,,
"Hey Hello, wrong number?",Other,,
There is thick smoke happening at the University campus.,Fire Force,,
Officer required at Central Bank: mugging,Police,,0.92
Emergency! Please send police to the Office for stolen goods.,Police,,
Reporting explosion at Piazza,Fire Force,afaan_oromo,
Emergency! Officer required at the construction site: burglary.,Police,,
Emergency! Help! flames spreading at the Park!,Fire Force,,
ሰረቁኝ በTrain Station,Medical/Hospital,amharic,
Emergency! Reporting brush fire at Adama Market.,Fire Force,,
Please send police to Sarbet for armed suspect.,Police,,
Reporting massive blaze at Train Station,Fire Force,afaan_oromo,
Emergency! something burning at Gerji.,Fire Force,,
Emergency! overdose at the Office,Medical/Hospital,,0.88
Emergency! I see brush fire at Atlas area.,Fire Force,,
Emergency! There is a person with burn victim at Kebele 04.,Medical/Hospital,,
Emergency! Need police at an Apartment building - kidnapping attempt.,Police,,
This is wrong number please,Other,,
Send fire truck to the Gas Station - flames spreading.,Fire Force,,
Police emergency! suspicious person at High School,Police,amharic,
Need police at Adama Market for stolen goods,Police,afaan_oromo,
Emergency medical assistance needed at CMC Condominium for car accident with injuries.,Medical/Hospital,,
Send police to Mexico Square - vandalism in progress,Police,amharic,
"Hi No emergency, just just checking?",Other,,
Send police to the Office - harassment in progress,Police,afaan_oromo,
Send fire truck to Kebele 02: burning smell,Fire Force,amharic,
Emergency! Officer required at Adama Market: thief.,Police,,
Need police at Gas Station for stabbing,Police,afaan_oromo,
URGENT: gas leak reported at the main Factory.,Fire Force,,
Need ambulance at Central Bank - allergic reaction,Medical/Hospital,amharic,
Medical emergency at CMC Condominium: woman in labor,Medical/Hospital,afaan_oromo,
Emergency! Reporting stroke at an Apartment building.,Medical/Hospital,,
Police emergency! harassment at Summit.,Police,,
Police emergency! armed suspect at Gerji,Police,,0.74
"App feedback, thanks",Other,,
Emergency! Reporting massive blaze at the Stadium.,Fire Force,,
Need firefighters at the Office for huge flames,Fire Force,amharic,
Police emergency! kidnapping attempt at Central Bank,Police,amharic,
"Fire in apartment, someone trapped at Main Road",Fire Force,,0.64
Need police at Main Road for shooting,Police,amharic,
"No emergency, just weather report",Other,,
Hafuura baafachuu dadhabe Kazanchis,Medical/Hospital,afaan_oromo,
Police emergency! thief at Mexico Square,Police,amharic,
Emergency! There is small fire happening at the main Factory.,Fire Force,,
Emergency! unconscious at University campus,Medical/Hospital,afaan_oromo,
Please send police to Kazanchis for stolen goods.,Police,,
Emergency! thick smoke at the Main Road.,Fire Force,,
Medical emergency at Bole Road: woman in labor.,Medical/Hospital,,
"No emergency, just wrong number?",Other,,
Need firefighters at High School for fire,Fire Force,afaan_oromo,
Emergency! Need an ambulance at the Central Bank - woman in labor.,Medical/Hospital,,
Reporting mugging at Adama General Hospital,Police,,0.87
Witnessed burglary at the Train Station.,Police,,
Send fire truck to the Gas Station - massive blaze.,Fire Force,,
Emergency! fire in the basement at Mexico Square,Fire Force,afaan_oromo,
"Hello Hi, app feedback thanks",Other,,
Emergency medical assistance needed at the local Pharmacy for animal bite.,Medical/Hospital,,
Please send paramedics to Atlas area: choking,Medical/Hospital,amharic,
Emergency! Need firefighters at the Office for explosion.,Fire Force,,
Reporting transformer fire at Train Station,Fire Force,amharic,
Person with stroke at High School,Medical/Hospital,amharic,
Emergency! Someone has person who fell at Kebele 04.,Medical/Hospital,,
Emergency! brush fire at Adama Police Station,Fire Force,afaan_oromo,
"Hey Hello, wrong number",Other,,
Emergency! Need police at a back alley - thief.,Police,,
"No emergency, just just checking",Other,,
Need ambulance at University campus - seizure,Medical/Hospital,,0.98
There is a person with heavy bleeding at Piazza.,Medical/Hospital,,
Emergency! fainting at shopping mall,Medical/Hospital,afaan_oromo,
"Hello No emergency, just system test thanks",Other,,
URGENT: seizure at a back alley.,Medical/Hospital,,
Person with allergic reaction at Gerji,Medical/Hospital,,0.94
Emergency! Reporting car accident with injuries at the Office.,Medical/Hospital,,
እሳት ወጥቷል በconstruction site,Police,amharic,
Need police at Bus Terminal for vandalism,Police,,0.9
Emergency! fire at University campus,Fire Force,afaan_oromo,
Medical emergency at Kebele 04: fainting,Medical/Hospital,,0.7
"Please send the fire force to Piazza, there is small fire.",Fire Force,,
Please send police to the construction site for riot.,Police,,
"Hi, is anyone there",Other,,
Emergency! Need an ambulance at Kazanchis - burn victim.,Medical/Hospital,,
Police emergency! burglary at Kebele 02,Police,,0.5
Need firefighters at construction site for warehouse fire,Fire Force,,0.92
Car accident with fire at Train Station,Fire Force,,0.56
Person with car accident with injuries at an Apartment building,Medical/Hospital,amharic,
Emergency! unconscious at Mexico Square,Medical/Hospital,,0.94
URGENT police response needed: group with weapons at Kebele 02.,Police,,
Person with breathing difficulty at the Office,Medical/Hospital,,0.94
Hello This is good morning?,Other,,
Emergency! Reporting animal bite at the Stadium.,Medical/Hospital,,
Hafuura baafachuu dadhabe High School,Medical/Hospital,afaan_oromo,
Emergency! Reporting drug dealing at the Train Station.,Police,,
Emergency medical assistance needed at the Hospital gate for several injured people.,Medical/Hospital,,
Emergency! Need firefighters at the construction site for small fire.,Fire Force,,
"Gas leak, people unconscious at Gas Station",Fire Force,,0.72
Need ambulance at an Apartment building - fainting,Medical/Hospital,amharic,
Officer required at Kebele 04: stabbing,Police,amharic,
Medical emergency at Mexico Square: woman in labor.,Medical/Hospital,,
I see chemical fire at the Stadium.,Fire Force,,
Emergency! Reporting unconscious person at the Hospital gate.,Medical/Hospital,,
Send police to CMC Condominium - stolen goods in progress,Police,,0.81
Please send paramedics to University campus: broken leg,Medical/Hospital,afaan_oromo,
"Hi Hello, good morning",Other,,
URGENT: breathing difficulty at the shopping mall.,Medical/Hospital,,
URGENT: breathing difficulty at the Park.,Medical/Hospital,,
Police emergency! riot at Gas Station,Police,,0.83
Emergency! huge flames at Piazza,Fire Force,afaan_oromo,
Need police at Gerji for assault,Police,afaan_oromo,
Emergency! Reporting fire on the balcony at the Gas Station.,Fire Force,,
Emergency! Send fire truck to the Main Road - burning smell.,Fire Force,,
"Fire in apartment, someone trapped at Train Station",Fire Force,,0.63
This is is anyone there,Other,,
Officer required at an Apartment building: armed suspect,Police,afaan_oromo,
Need firefighters at Fire Station for inferno,Fire Force,amharic,
Gargaarsa nan barbaada Atlas area,Medical/Hospital,afaan_oromo,
Need an ambulance at the Hospital gate - fainting spell.,Medical/Hospital,,
Emergency! There is brush fire happening at Adama Market.,Fire Force,,
Emergency! Please send paramedics to my Home: stroke.,Medical/Hospital,,
Medical emergency at the Office: overdose,Medical/Hospital,afaan_oromo,
Fire emergency at Fire Station - kitchen fire,Fire Force,amharic,
Hatte University campus,Police,afaan_oromo,
Emergency! Send fire truck to Bole Road - warehouse fire.,Fire Force,,
Emergency! Send police immediately to the Bus Terminal - thief in progress.,Police,,
Reporting something burning at Bole Road.,Fire Force,,
Please send paramedics to Sarbet: unconscious,Medical/Hospital,amharic,
Emergency! unconscious at Bus Terminal,Medical/Hospital,afaan_oromo,
Hi This is how are you thanks,Other,,
Officer required at the Park: stabbing.,Police,,
Hafuura baafachuu dadhabe the Office,Fire Force,afaan_oromo,
አደጋ ደረሰ በCMC Condominium,Police,amharic,
"No emergency, just wrong number please",Other,,
Emergency! Reporting flames spreading at the shopping mall.,Fire Force,,
Emergency! There is a person with broken leg at the University campus.,Medical/Hospital,,
I see warehouse fire at the Main Road.,Fire Force,,
Hey weather report thanks,Other,,
Police emergency! drug dealing at the Central Bank.,Police,,
Medical emergency at Fire Station: stroke,Medical/Hospital,amharic,
Need firefighters at High School for brush fire,Fire Force,afaan_oromo,
Emergency! There is chemical fire happening at Summit.,Fire Force,,
Officer required at Kebele 04: car theft,Police,amharic,
Emergency! Officer required at Kebele 04: group with weapons.,Police,,
"Hi No emergency, just hi there?",Other,,
"Hi, wrong number please",Other,,
"Hi No emergency, just good morning please",Other,,
Person with stroke at Summit,Medical/Hospital,amharic,
Person bleeding after stabbing at High School,Medical/Hospital,,0.63
"Hi Hello, how to use this?",Other,,
Emergency! kitchen fire at Adama Police Station,Fire Force,amharic,
Person with head injury at Sarbet,Medical/Hospital,amharic,
Police emergency! vandalism at High School,Police,afaan_oromo,
Medical emergency at the University campus: heart attack.,Medical/Hospital,,
Fire emergency at construction site - kitchen fire,Fire Force,,0.71
URGENT: explosion reported at the construction site.,Fire Force,,
"Please send the fire force to the Bus Terminal, there is massive blaze.",Fire Force,,
Medical emergency at my Home: woman in labor.,Medical/Hospital,,
"Hi, testing the app please",Other,,
Person with allergic reaction at Fire Station,Medical/Hospital,amharic,
"Hello Hello, hello?",Other,,
Medical emergency! fainting spell at the construction site.,Medical/Hospital,,
"Hello, wrong number",Other,,
"Hi, weather report",Other,,
Emergency! Please send paramedics to Summit: choking incident.,Medical/Hospital,,
Emergency! Please send paramedics to the University campus: car accident with injuries.,Medical/Hospital,,
Medical emergency at my Home: choking incident.,Medical/Hospital,,
There is a person with seizure at Sarbet.,Medical/Hospital,,
Emergency! Officer required at Kebele 04: burglary.,Police,,
Emergency! There is a person with head injury at the Central Bank.,Medical/Hospital,,
"Weather report, thanks?",Other,,
Hello good morning?,Other,,
Officer required at Sarbet: armed suspect.,Police,,
Emergency! There is a person with allergic reaction at the Central Bank.,Medical/Hospital,,
ሆስፒታል ያስፈልገኛል በAdama Police Station,Fire Force,amharic,
Hi Quick question: just checking thanks,Other,,
Medical emergency at Atlas area: broken leg,Medical/Hospital,afaan_oromo,
Need ambulance at Piazza - heart attack,Medical/Hospital,,0.78
Reporting car accident with injuries at Adama Market.,Medical/Hospital,,
"Hey Hi, how are you?",Other,,
"Gas leak, people unconscious at High School",Fire Force,,0.73
Emergency! warehouse fire at Atlas area,Fire Force,,0.92
Send fire truck to Central Bank: gas leak,Fire Force,afaan_oromo,
Police emergency! armed suspect at Kazanchis,Police,afaan_oromo,
"Emergency! Please send the fire force to the High School, there is brush fire.",Fire Force,,
Fire emergency at High School - massive blaze,Fire Force,amharic,
Need police at an Apartment building for suspicious person,Police,amharic,
Hey Just testing the app thanks,Other,,
Need an ambulance at the Main Road - animal bite.,Medical/Hospital,,
This is just checking,Other,,
"No emergency, just thank you please",Other,,
Medical emergency at Sarbet: collapsed,Medical/Hospital,amharic,
Emergency! There is a person with poisoning at Piazza.,Medical/Hospital,,
Officer required at Gas Station: domestic dispute,Police,afaan_oromo,
Emergency! Someone has several injured people at Kazanchis.,Medical/Hospital,,
Medical emergency at the construction site: heart attack.,Medical/Hospital,,
Medical emergency at the Office: unconscious,Medical/Hospital,afaan_oromo,
Need ambulance at Fire Station - collapsed,Medical/Hospital,afaan_oromo,
"Emergency! Please send the fire force to the shopping mall, there is thick smoke.",Fire Force,,
Send fire truck to Train Station: transformer fire,Fire Force,afaan_oromo,
Checking in - weather report?,Other,,
Medical emergency at Kazanchis: fainting spell.,Medical/Hospital,,
Need police at Atlas area for car theft,Police,,0.86
Emergency! animal bite at Mexico Square,Medical/Hospital,amharic,
Reporting kitchen fire at Main Road,Fire Force,afaan_oromo,
"Hello Hi, hello world please",Other,,
Hi Checking in - thank you please,Other,,
Emergency! transformer fire at Central Bank,Fire Force,amharic,
Emergency! Officer required at the local Pharmacy: thief.,Police,,
Reporting thick smoke at Train Station,Fire Force,afaan_oromo,
Send fire truck to the Train Station - smoke coming from the roof.,Fire Force,,
Emergency! brush fire at Adama General Hospital,Fire Force,afaan_oromo,
እሳት ወጥቷል በMain Road,Medical/Hospital,amharic,
Send fire truck to Kebele 04: warehouse fire,Fire Force,afaan_oromo,
Need police at the Main Road - mugging.,Police,,
Emergency! I see fire in the basement at Mexico Square.,Fire Force,,
Please send paramedics to High School: fainting,Medical/Hospital,,0.87
Need ambulance at Train Station - animal bite,Medical/Hospital,amharic,
Hospitaala nan barbaada Gerji,Police,afaan_oromo,
Hello world,Other,,
Need police at Gerji for burglary,Police,amharic,
Just hello world,Other,,
URGENT police response needed: robbery at the local Pharmacy.,Police,,
"Hello Hi, wrong number please",Other,,
App feedback,Other,,
Hey This is good morning?,Other,,
Emergency! Reporting suspicious person at Gerji.,Police,,
Send police to Gerji - burglary in progress,Police,,0.9
Medical emergency! person not breathing at CMC Condominium.,Medical/Hospital,,
Reporting warehouse fire at an Apartment building,Fire Force,amharic,
Please send paramedics to Piazza: heavy bleeding.,Medical/Hospital,,
Police emergency! thief at the Park.,Police,,
Need an ambulance at the construction site - several injured people.,Medical/Hospital,,
Emergency! Need an ambulance at an Apartment building - seizure.,Medical/Hospital,,
"Wrong number, thanks?",Other,,
Emergency! Help! electrical sparks at Bole Road!,Fire Force,,
Hi Checking in - system test?,Other,,
Person bleeding after stabbing at University campus,Medical/Hospital,,0.61
Police emergency! burglary at the Bus Terminal.,Police,,
Medical emergency at Bus Terminal: stroke,Medical/Hospital,,0.87
Quick question: time check thanks,Other,,
Please send paramedics to Bus Terminal: stroke,Medical/Hospital,amharic,
Emergency! Reporting fire on the balcony at the Main Road.,Fire Force,,
URGENT: allergic reaction at Kazanchis.,Medical/Hospital,,
Emergency! There is brush fire happening at the Gas Station.,Fire Force,,
Emergency! There is a person with overdose at the High School.,Medical/Hospital,,
Medical emergency at the Park: heavy bleeding.,Medical/Hospital,,
ልቤ ይታመማል በGerji,Police,amharic,
Emergency! something burning at Kebele 04.,Fire Force,,
Fire emergency at Adama Police Station - burning smell,Fire Force,afaan_oromo,
Fire emergency at Kebele 02 - burning smell,Fire Force,afaan_oromo,
"Hello Hello, how are you thanks",Other,,
Person with broken leg at Gas Station,Medical/Hospital,amharic,
Please send paramedics to Gas Station: animal bite,Medical/Hospital,afaan_oromo,
Emergency! Help! electrical sparks at Piazza!,Fire Force,,
"Hi, thank you thanks",Other,,
"Hey thank you, thanks",Other,,
Emergency! Please send police to an Apartment building for break-in.,Police,,
Please send paramedics to Sarbet: allergic reaction,Medical/Hospital,afaan_oromo,
Medical emergency at Fire Station: bleeding,Medical/Hospital,,0.83
URGENT: woman in labor at the Central Bank.,Medical/Hospital,,
Fire emergency at Main Road - warehouse fire,Fire Force,afaan_oromo,
Medical emergency at an Apartment building: allergic reaction.,Medical/Hospital,,
Officer required at Fire Station: car theft,Police,amharic,
Officer required at Kebele 04: group with weapons,Police,,0.91
Emergency! Officer required at the Train Station: harassment.,Police,,
Need an ambulance at Adama Market - allergic reaction.,Medical/Hospital,,
Reporting suspicious person at Fire Station,Police,amharic,
Witnessed thief at the Gas Station.,Police,,
Reporting vandalism at Atlas area,Police,,0.9
"Hi No emergency, just thank you?",Other,,
Emergency! I see kitchen fire at the main Factory.,Fire Force,,
Emergency! fire on the balcony at the Central Bank.,Fire Force,,
"No emergency, just wrong number",Other,,
"Hey Hello, app feedback?",Other,,
Emergency! Witnessed armed suspect at Adama Market.,Police,,
Witnessed drug dealing at Kebele 02.,Police,,
Emergency! smoke coming from the roof at the Main Road.,Fire Force,,
Emergency! Witnessed group with weapons at a back alley.,Police,,
URGENT police response needed: shooting at Piazza.,Police,,
Fire emergency at Train Station - brush fire,Fire Force,afaan_oromo,
This is is anyone there?,Other,,
Emergency! massive blaze at construction site,Fire Force,afaan_oromo,
Medical emergency at Atlas area: bleeding,Medical/Hospital,,0.67
Send fire truck to Bole Road - massive blaze.,Fire Force,,
Fire emergency at Central Bank - explosion,Fire Force,afaan_oromo,
URGENT: burning smell reported at the main Factory.,Fire Force,,
Need police at Atlas area - stolen goods.,Police,,
Officer required at Adama Market: violent fight,Police,afaan_oromo,
Person with choking at the Office,Medical/Hospital,amharic,
URGENT: transformer fire reported at the Train Station.,Fire Force,,
Need firefighters at CMC Condominium for burning smell.,Fire Force,,
Need firefighters at Central Bank for something burning,Fire Force,afaan_oromo,
Person with seizure at the Office,Medical/Hospital,afaan_oromo,
"Hello, good morning",Other,,
"Emergency! Please send the fire force to the University campus, there is transformer fire.",Fire Force,,
Reporting car theft at Gerji,Police,amharic,
Send fire truck to Gas Station: fire in the basement,Fire Force,afaan_oromo,
URGENT: heavy bleeding at the High School.,Medical/Hospital,,
Emergency! Reporting mugging at the Main Road.,Police,,
Emergency! burning smell at the main Factory.,Fire Force,,
Need police at Sarbet for kidnapping attempt,Police,afaan_oromo,
Emergency! Reporting car theft at the Stadium.,Police,,
Emergency! Need an ambulance at the University campus - woman in labor.,Medical/Hospital,,
"Emergency! Please send the fire force to the Central Bank, there is gas leak.",Fire Force,,
Hafuura baafachuu dadhabe Piazza,Police,afaan_oromo,
Emergency! Please send paramedics to the Hospital gate: choking incident.,Medical/Hospital,,
Send police to Adama Market - drug dealing in progress,Police,amharic,
URGENT: overdose at Atlas area.,Medical/Hospital,,
Please send paramedics to Kazanchis: collapsed,Medical/Hospital,amharic,
Emergency! Officer required at Summit: car theft.,Police,,
Person with choking at Kazanchis,Medical/Hospital,,0.87
Need ambulance at Fire Station - animal bite,Medical/Hospital,amharic,
"How to use this, thanks please",Other,,
Balaan gahe Adama Police Station,Police,afaan_oromo,
URGENT police response needed: shooting at CMC Condominium.,Police,,
Person with collapsed at University campus,Medical/Hospital,afaan_oromo,
"Fight with weapons, people injured at Kebele 02",Police,,0.58
Send fire truck to Fire Station: transformer fire,Fire Force,amharic,
Send police immediately to Kebele 02 - break-in in progress.,Police,,
Emergency! Help! kitchen fire at the Main Road!,Fire Force,,
Emergency! Reporting choking incident at Bole Road.,Medical/Hospital,,
Emergency! Need firefighters at the Gas Station for something burning.,Fire Force,,
Reporting assault at Central Bank,Police,,0.73
Emergency! Witnessed stabbing at an Apartment building.,Police,,
Emergency! There is explosion happening at Adama Market.,Fire Force,,
Help! gas leak at Kebele 02!,Fire Force,,
እስትንፋስ እየተቸገርኩ ነው በHigh School,Police,amharic,
Emergency! There is a person with heart attack at an Apartment building.,Medical/Hospital,,
Emergency! Reporting broken leg at the Office.,Medical/Hospital,,
Emergency! Need police at CMC Condominium - shooting.,Police,,
Medical emergency at Mexico Square: fainting,Medical/Hospital,amharic,
Send fire truck to a back alley - flames spreading.,Fire Force,,
እርዳታ ያስፈልገኛል በBus Terminal,Fire Force,amharic,
Hospitaala nan barbaada construction site,Medical/Hospital,afaan_oromo,
"Kitchen fire, burn victim at Mexico Square",Fire Force,,0.59
Reporting vandalism at Summit,Police,,0.76
Need police at Adama Market for mugging,Police,,0.93
There is a person with overdose at the Bus Terminal.,Medical/Hospital,,
Emergency! Someone has poisoning at the shopping mall.,Medical/Hospital,,
"Hey system test, thanks",Other,,
Send fire truck to Fire Station: massive blaze,Fire Force,amharic,
Emergency! head injury at Mexico Square,Medical/Hospital,,0.92
Need firefighters at Adama Police Station for something burning,Fire Force,amharic,
URGENT: collapsed person at the High School.,Medical/Hospital,,
Emergency! woman in labor at Central Bank,Medical/Hospital,afaan_oromo,
Checking in - thank you,Other,,
Police emergency! mugging at Kebele 02.,Police,,
Need police at shopping mall for vandalism,Police,amharic,
URGENT police response needed: burglary at a back alley.,Police,,
Just hi there,Other,,
Hello Quick question: testing the app?,Other,,
ሆስፒታል ያስፈልገኛል በan Apartment building,Police,amharic,
Emergency! huge flames at the University campus.,Fire Force,,
Emergency! Reporting kitchen fire at the Stadium.,Fire Force,,
Emergency! Reporting kitchen fire at the Train Station.,Fire Force,,
Emergency! There is vandalism happening at Adama Market.,Police,,
Send police to Adama Market - vandalism in progress,Police,amharic,
Fire emergency at Fire Station - massive blaze,Fire Force,afaan_oromo,
Medical emergency at Kebele 04: allergic reaction.,Medical/Hospital,,
Send police to Sarbet - thief in progress,Police,,0.85
Emergency! Send police immediately to Adama Market - stolen goods in progress.,Police,,
"Please send the fire force to the construction site, there is burning smell.",Fire Force,,
Checking in - hi there thanks,Other,,
Medical emergency! heart attack at Gerji.,Medical/Hospital,,
Medical emergency at Gas Station: bleeding,Medical/Hospital,,0.86
Need police at Main Road for vandalism,Police,amharic,
Send police immediately to the Bus Terminal - armed suspect in progress.,Police,,
Police emergency! mugging at Summit.,Police,,
Police emergency! armed suspect at the Office,Police,afaan_oromo,
"Hey Hi, good morning thanks",Other,,
This is testing the app,Other,,
Emergency! thick smoke at High School,Fire Force,afaan_oromo,
Person with overdose at Gerji,Medical/Hospital,,0.93
Person with head injury at Bus Terminal,Medical/Hospital,,0.97
Fire emergency at Sarbet - warehouse fire,Fire Force,,0.81
URGENT police response needed: domestic dispute at Kebele 04.,Police,,
Medical emergency at construction site: animal bite,Medical/Hospital,afaan_oromo,
Emergency medical assistance needed at Bole Road for overdose.,Medical/Hospital,,
"Hey good morning, thanks please",Other,,
URGENT: something burning reported at Bole Road.,Fire Force,,
Please send police to my Home for break-in.,Police,,
Emergency! Please send paramedics to CMC Condominium: person not breathing.,Medical/Hospital,,
"Hello, thanks",Other,,
"Hi No emergency, just general question",Other,,
Emergency! There is massive blaze happening at the University campus.,Fire Force,,
ሆስፒታል ያስፈልገኛል በUniversity campus,Medical/Hospital,amharic,
Need ambulance at Adama Police Station - overdose,Medical/Hospital,afaan_oromo,
Please send paramedics to Adama Market: seizure,Medical/Hospital,amharic,
Emergency! Please send police to Kebele 04 for riot.,Police,,
Officer required at Bus Terminal: violent fight,Police,afaan_oromo,
"Hey Hello, hello world thanks",Other,,
Emergency! Please send paramedics to CMC Condominium: fainting spell.,Medical/Hospital,,
Emergency! Need firefighters at the Train Station for kitchen fire.,Fire Force,,
"Emergency! Please send the fire force to a back alley, there is inferno.",Fire Force,,
"Hello, hello",Other,,
Send fire truck to Adama Police Station: electrical sparks,Fire Force,afaan_oromo,
ሆስፒታል ያስፈልገኛል በMain Road,Police,amharic,
Medical emergency at Gas Station: seizure,Medical/Hospital,amharic,
Hey This is is anyone there please,Other,,
Medical emergency at the shopping mall: person who fell.,Medical/Hospital,,
Emergency medical assistance needed at Adama Market for heavy bleeding.,Medical/Hospital,,
Emergency! brush fire at the Park.,Fire Force,,
Quick question: wrong number,Other,,
"Hello Hi, system test",Other,,
Emergency! Reporting collapsed person at the construction site.,Medical/Hospital,,
Emergency! Need firefighters at the Main Road for brush fire.,Fire Force,,
Hello Checking in - how to use this please,Other,,
"Emergency! Please send the fire force to a back alley, there is huge flames.",Fire Force,,
Car accident with fire at shopping mall,Fire Force,,0.62
Emergency! Please send paramedics to an Apartment building: collapsed person.,Medical/Hospital,,
Reporting robbery at Adama Police Station,Police,,0.93
Emergency! Need firefighters at the Bus Terminal for kitchen fire.,Fire Force,,
Hey This is just checking,Other,,
Medical emergency at Train Station: unconscious,Medical/Hospital,afaan_oromo,
Emergency! Reporting heavy bleeding at the Hospital gate.,Medical/Hospital,,
Police emergency! stabbing at Central Bank,Police,,0.95
Witnessed stolen goods at CMC Condominium.,Police,,
Emergency! Officer required at the Train Station: riot.,Police,,
Emergency! Please send police to Atlas area for vandalism.,Police,,
Need firefighters at shopping mall for fire in the basement,Fire Force,,0.71
"Hello, hi there",Other,,
"Is anyone there, thanks?",Other,,
Hi Just wrong number?,Other,,
Hi Just wrong number,Other,,
Need firefighters at Fire Station for fire in the basement,Fire Force,amharic,
Send police to Gerji - break-in in progress,Police,amharic,
Reporting huge flames at shopping mall,Fire Force,,0.91
Reporting gas leak at Adama Police Station,Fire Force,amharic,
Medical emergency at a back alley: stroke.,Medical/Hospital,,
Quick question: how to use this thanks,Other,,
Testing the app thanks,Other,,
Emergency! Someone has overdose at Kazanchis.,Medical/Hospital,,
Medical emergency at the Office: poisoning.,Medical/Hospital,,
Medical emergency at the Central Bank: heavy bleeding.,Medical/Hospital,,
URGENT: fire on the balcony reported at Kebele 02.,Fire Force,,
"Hey wrong number, thanks please",Other,,
Need ambulance at Adama Police Station - broken leg,Medical/Hospital,,0.97
Need firefighters at High School for electrical sparks,Fire Force,afaan_oromo,
Emergency! Witnessed riot at Gerji.,Police,,
Need police at Train Station for group with weapons,Police,afaan_oromo,
Someone has head injury at Bole Road.,Medical/Hospital,,
"Hi Hi, hello",Other,,
There is a person with heart attack at the Stadium.,Medical/Hospital,,
"Emergency! Please send the fire force to the Main Road, there is kitchen fire.",Fire Force,,
Reporting brush fire at Adama Market,Fire Force,,0.91
Emergency! allergic reaction at Fire Station,Medical/Hospital,amharic,
"Hi No emergency, just system test?",Other,,
Need police at High School for kidnapping attempt,Police,,0.75
Reporting inferno at Adama General Hospital,Fire Force,,0.79
Reporting fire in the basement at Kebele 04,Fire Force,,0.92
Emergency! Please send police to Kebele 04 for group with weapons.,Police,,
"Hello, is anyone there",Other,,
Police emergency! kidnapping attempt at Summit.,Police,,
Send police to Train Station - mugging in progress,Police,,0.9
Send fire truck to the construction site - inferno.,Fire Force,,
Hey Just hi there thanks,Other,,
Emergency! explosion at the Office,Fire Force,,0.54
Emergency! Reporting thief at my Home.,Police,,
Need ambulance at Fire Station - heart attack,Medical/Hospital,afaan_oromo,
Fire emergency at Mexico Square - inferno,Fire Force,,0.89
Hi Checking in - hello world?,Other,,
"Hi Hi, app feedback?",Other,,
Emergency! Send police immediately to the Park - stabbing in progress.,Police,,
URGENT police response needed: assault at Bole Road.,Police,,
Need firefighters at Summit for fire in the basement.,Fire Force,,
Hello hello?,Other,,
Emergency! Someone has person not breathing at CMC Condominium.,Medical/Hospital,,
Need police at Central Bank for car theft,Police,amharic,
Reporting electrical sparks at the Stadium.,Fire Force,,
"Hey Hi, testing the app?",Other,,
URGENT: head injury at an Apartment building.,Medical/Hospital,,
Need firefighters at University campus for warehouse fire,Fire Force,amharic,
Need ambulance at Gas Station - heart attack,Medical/Hospital,,0.72
Please send paramedics to Gerji: poisoning,Medical/Hospital,amharic,
URGENT: seizure at the construction site.,Medical/Hospital,,
Emergency! Need an ambulance at the Office - burn victim.,Medical/Hospital,,
Medical emergency at Main Road: unconscious,Medical/Hospital,afaan_oromo,
Emergency! animal bite at University campus,Medical/Hospital,,0.8
"Hi there, thanks thanks",Other,,
Emergency! kitchen fire at University campus,Fire Force,amharic,
Need ambulance at Fire Station - fainting,Medical/Hospital,afaan_oromo,
Emergency! Witnessed assault at the High School.,Police,,
Reporting allergic reaction at the Bus Terminal.,Medical/Hospital,,
Police emergency! stabbing at the Main Road.,Police,,
Send fire truck to Adama Police Station: flames spreading,Fire Force,afaan_oromo,
Send fire truck to the Train Station - chemical fire.,Fire Force,,
Emergency! seizure at Sarbet,Medical/Hospital,amharic,
Police emergency! harassment at my Home.,Police,,
Lapheen ni dhukkuba Atlas area,Fire Force,afaan_oromo,
"Hey Hello, how are you please",Other,,
I see brush fire at Mexico Square.,Fire Force,,
Need firefighters at Train Station for huge flames,Fire Force,,0.7
URGENT: car accident with injuries at Adama Market.,Medical/Hospital,,
Emergency! fire on the balcony at Kebele 04,Fire Force,,0.87
Send police to Kebele 04 - drug dealing in progress,Police,afaan_oromo,
Hey app feedback please,Other,,
Emergency! Need police at Piazza - kidnapping attempt.,Police,,
Person with breathing difficulty at Bus Terminal,Medical/Hospital,afaan_oromo,
Officer required at Adama Market: drug dealing.,Police,,
Reporting robbery at Kazanchis,Police,amharic,
Witnessed stabbing at Mexico Square.,Police,,
Hello This is weather report thanks,Other,,
Need ambulance at construction site - overdose,Medical/Hospital,amharic,
Emergency! Reporting car accident with injuries at CMC Condominium.,Medical/Hospital,,
Emergency! Reporting animal bite at Kebele 02.,Medical/Hospital,,
Send police to Central Bank - riot in progress,Police,,0.97
Emergency! Please send police to my Home for kidnapping attempt.,Police,,
Hafuura baafachuu dadhabe Adama Market,Medical/Hospital,afaan_oromo,
Emergency! Help! inferno at the shopping mall!,Fire Force,,
Reporting fire on the balcony at Piazza,Fire Force,,0.49
Send police to Main Road - stolen goods in progress,Police,amharic,
Please send police to Kazanchis for robbery.,Police,,
Emergency! brush fire at the local Pharmacy.,Fire Force,,
Emergency! car accident with injuries at Adama Market,Medical/Hospital,afaan_oromo,
Medical emergency! heavy bleeding at the High School.,Medical/Hospital,,
Emergency! car accident with injuries at Kebele 02,Medical/Hospital,amharic,
Send fire truck to Main Road: chemical fire,Fire Force,afaan_oromo,
Please send paramedics to Kazanchis: head injury,Medical/Hospital,,0.9
Emergency! There is riot happening at the University campus.,Police,,
Emergency! Send fire truck to the main Factory - massive blaze.,Fire Force,,
Please send paramedics to Central Bank: stroke,Medical/Hospital,,0.92
URGENT: person not breathing at Adama Market.,Medical/Hospital,,
Emergency! Need firefighters at the Office for flames spreading.,Fire Force,,
ሆስፒታል ያስፈልገኛል በconstruction site,Medical/Hospital,amharic,
Emergency! Witnessed stabbing at Sarbet.,Police,,
Emergency medical assistance needed at the Main Road for person not breathing.,Medical/Hospital,,
Hey This is hello world,Other,,
Fire emergency at Gas Station - electrical sparks,Fire Force,,0.89
Need ambulance at Fire Station - woman in labor,Medical/Hospital,afaan_oromo,
Hello Just how to use this?,Other,,
Quick question: time check,Other,,
Emergency! flames spreading at University campus,Fire Force,amharic,
Please send paramedics to construction site: animal bite,Medical/Hospital,amharic,
Fire emergency at the Office - fire on the balcony,Fire Force,amharic,
Reporting mugging at Fire Station,Police,,0.7
"Just checking, thanks",Other,,
"Just checking, thanks please",Other,,
Emergency! Need an ambulance at Kebele 04 - animal bite.,Medical/Hospital,,
Need ambulance at University campus - overdose,Medical/Hospital,afaan_oromo,
Need firefighters at Kebele 04 for something burning,Fire Force,amharic,
Officer required at Fire Station: harassment,Police,afaan_oromo,
URGENT: brush fire reported at the Hospital gate.,Fire Force,,
URGENT: warehouse fire reported at Gerji.,Fire Force,,
Send fire truck to Gerji: transformer fire,Fire Force,afaan_oromo,
URGENT: broken leg at the Hospital gate.,Medical/Hospital,,
"Hello Hi, how to use this thanks",Other,,
URGENT: person who fell at Sarbet.,Medical/Hospital,,
Witnessed shooting at the Stadium.,Police,,
Emergency! Help! thick smoke at my Home!,Fire Force,,
Emergency! Officer required at Atlas area: mugging.,Police,,
Medical emergency! burn victim at the local Pharmacy.,Medical/Hospital,,
Send fire truck to Mexico Square - burning smell.,Fire Force,,
"Hello, app feedback",Other,,
Send fire truck to Gas Station: huge flames,Fire Force,afaan_oromo,
Reporting robbery at Adama General Hospital,Police,,0.52
Quick question: system test,Other,,
Reporting violent fight at Kebele 02,Police,amharic,
Medical emergency at Sarbet: unconscious,Medical/Hospital,,0.66
ሰረቁኝ በKebele 02,Police,amharic,
Someone has stroke at Gerji.,Medical/Hospital,,
Officer required at Kebele 04: violent fight,Police,afaan_oromo,
Send fire truck to the Office - thick smoke.,Fire Force,,
Emergency! Need police at Kebele 02 - drug dealing.,Police,,
Need police at construction site for stolen goods,Police,amharic,
Emergency! Please send police to Piazza for suspicious person.,Police,,
Checking in - is anyone there,Other,,
Emergency! Reporting break-in at a back alley.,Police,,
Hi Quick question: wrong number?,Other,,
Reporting riot at Kazanchis,Police,,0.89
Send fire truck to Main Road: thick smoke,Fire Force,,0.85
Hatte Train Station,Fire Force,afaan_oromo,
Please send paramedics to the Office: bleeding,Medical/Hospital,,0.96
Emergency! Witnessed group with weapons at the main Factory.,Police,,
Send fire truck to Kebele 04: something burning,Fire Force,amharic,
Medical emergency at Kebele 04: bleeding,Medical/Hospital,afaan_oromo,
Need firefighters at Piazza for warehouse fire,Fire Force,,0.58
Please send police to Piazza for drug dealing.,Police,,
Emergency! Reporting several injured people at the Gas Station.,Medical/Hospital,,
Person with overdose at Piazza,Medical/Hospital,amharic,
Emergency! Witnessed mugging at the Bus Terminal.,Police,,
Police emergency! break-in at an Apartment building.,Police,,
Police emergency! kidnapping attempt at Sarbet,Police,amharic,
Hey Checking in - how to use this?,Other,,
"Hi, thank you",Other,,
Hospitaala nan barbaada an Apartment building,Police,afaan_oromo,
"Hi No emergency, just good morning thanks",Other,,
URGENT: flames spreading reported at the Bus Terminal.,Fire Force,,
"Emergency! Please send the fire force to the Stadium, there is huge flames.",Fire Force,,
Hafuura baafachuu dadhabe Main Road,Medical/Hospital,afaan_oromo,
Emergency! inferno at Kebele 02,Fire Force,,0.92
Medical emergency at Kazanchis: animal bite,Medical/Hospital,,0.95
Officer required at University campus: riot,Police,afaan_oromo,
Please send paramedics to Sarbet: choking,Medical/Hospital,,0.79
"Hey how are you, thanks please",Other,,
Need firefighters at Gas Station for massive blaze,Fire Force,afaan_oromo,
Medical emergency! broken leg at the Main Road.,Medical/Hospital,,
Need firefighters at Bus Terminal for fire,Fire Force,afaan_oromo,
"Hello No emergency, just how to use this thanks",Other,,
Reporting assault at Train Station,Police,,0.86
Emergency! Someone has heavy bleeding at Adama Market.,Medical/Hospital,,
Emergency! Someone has stroke at the Office.,Medical/Hospital,,
Emergency! Someone has heart attack at the Central Bank.,Medical/Hospital,,
Please send paramedics to Central Bank: collapsed,Medical/Hospital,amharic,
Person with seizure at Kazanchis,Medical/Hospital,afaan_oromo,
Send fire truck to Summit: warehouse fire,Fire Force,amharic,
Please send paramedics to construction site: seizure,Medical/Hospital,amharic,
Need ambulance at Main Road - fainting,Medical/Hospital,amharic,
Emergency! Reporting woman in labor at CMC Condominium.,Medical/Hospital,,
Person with allergic reaction at CMC Condominium,Medical/Hospital,,0.97
Emergency! Send fire truck to Kebele 04 - electrical sparks.,Fire Force,,
Officer required at the Bus Terminal: robbery.,Police,,
Just testing,Other,amharic,
"Hey Hi, thank you",Other,,
URGENT: broken leg at the main Factory.,Medical/Hospital,,
Need police at Kebele 02 for suspicious person,Police,,0.51
Medical emergency at University campus: broken leg,Medical/Hospital,amharic,
Hi Checking in - testing the app please,Other,,
Emergency! There is a person with heart attack at CMC Condominium.,Medical/Hospital,,
Need police at CMC Condominium - armed suspect.,Police,,
Reporting smoke coming from the roof at Kebele 02,Fire Force,,0.68
Need firefighters at Piazza for fire on the balcony,Fire Force,amharic,
Send fire truck to shopping mall: transformer fire,Fire Force,afaan_oromo,
Please send police to the Gas Station for robbery.,Police,,
Quick question: hi there please,Other,,
Checking in - good morning,Other,,
URGENT police response needed: car theft at Kebele 04.,Police,,
Emergency! There is a person with breathing difficulty at the shopping mall.,Medical/Hospital,,
Emergency! Need firefighters at the Train Station for fire in the basement.,Fire Force,,
Hey Checking in - system test please,Other,,
Need an ambulance at CMC Condominium - burn victim.,Medical/Hospital,,
Emergency! Help! small fire at Adama Market!,Fire Force,,
Emergency! woman in labor at Adama Police Station,Medical/Hospital,afaan_oromo,
Emergency medical assistance needed at the High School for woman in labor.,Medical/Hospital,,
Police emergency! mugging at Gerji.,Police,,
Reporting chemical fire at construction site,Fire Force,,0.73
Emergency! Reporting harassment at Sarbet.,Police,,
URGENT police response needed: violent fight at Atlas area.,Police,,
"Emergency! Please send the fire force to the Park, there is burning smell.",Fire Force,,
Just how to use this,Other,,
Medical emergency at construction site: fainting,Medical/Hospital,amharic,
Fire emergency at Adama Police Station - something burning,Fire Force,,0.86
Officer required at Summit: break-in.,Police,,
Emergency! chemical fire at the Stadium.,Fire Force,,
Emergency! something burning at construction site,Fire Force,,0.66
URGENT police response needed: stabbing at the University campus.,Police,,
Emergency! Reporting kidnapping attempt at the Central Bank.,Police,,
Emergency! Need an ambulance at the Gas Station - stroke.,Medical/Hospital,,
Emergency! There is mugging happening at the shopping mall.,Police,,
Quick question: thank you thanks,Other,,
Emergency! Send police immediately to Kebele 04 - stolen goods in progress.,Police,,
Police emergency! break-in at Central Bank,Police,,0.97
Reporting warehouse fire at Gas Station,Fire Force,,0.91
Fire emergency at University campus - smoke coming from the roof,Fire Force,,0.93
Medical emergency! woman in labor at the University campus.,Medical/Hospital,,
Send fire truck to the Park - smoke coming from the roof.,Fire Force,,
Emergency! Need firefighters at the main Factory for flames spreading.,Fire Force,,
Please send paramedics to Gas Station: allergic reaction,Medical/Hospital,afaan_oromo,
Emergency! overdose at Adama Police Station,Medical/Hospital,,0.86
Send police to Summit - robbery in progress,Police,amharic,
Please send paramedics to Adama Police Station: choking,Medical/Hospital,afaan_oromo,
Someone has overdose at the University campus.,Medical/Hospital,,
Fire emergency at Adama Police Station - kitchen fire,Fire Force,,0.89
How to use this,Other,,
Emergency! Help! something burning at the Office!,Fire Force,,
Please send police to the Stadium for harassment.,Police,,
Medical emergency at Summit: stroke.,Medical/Hospital,,
URGENT: chemical fire reported at Atlas area.,Fire Force,,
Emergency! Need police at Bole Road - stolen goods.,Police,,
Emergency! Need police at Kebele 02 - car theft.,Police,,
Gargaarsa nan barbaada the Office,Medical/Hospital,afaan_oromo,
"Fire in apartment, someone trapped at Fire Station",Fire Force,,0.74
Medical emergency at Train Station: choking,Medical/Hospital,amharic,
Emergency! Please send paramedics to Kazanchis: stroke.,Medical/Hospital,,
Emergency! There is kidnapping attempt happening at Adama Market.,Police,,
Emergency! Witnessed suspicious person at Mexico Square.,Police,,
Emergency! I see something burning at the Central Bank.,Fire Force,,
Person with woman in labor at CMC Condominium,Medical/Hospital,afaan_oromo,
Send police to Main Road - harassment in progress,Police,afaan_oromo,
Officer required at shopping mall: harassment,Police,amharic,
Please send paramedics to Central Bank: poisoning,Medical/Hospital,afaan_oromo,
URGENT: smoke coming from the roof reported at Kazanchis.,Fire Force,,
URGENT: warehouse fire reported at the main Factory.,Fire Force,,
This is general question,Other,,
Emergency! Reporting fainting spell at Atlas area.,Medical/Hospital,,
Medical emergency at the Park: overdose.,Medical/Hospital,,
ሆስፒታል ያስፈልገኛል በPiazza,Medical/Hospital,amharic,
Medical emergency! burn victim at the main Factory.,Medical/Hospital,,
Emergency! Someone has collapsed person at an Apartment building.,Medical/Hospital,,
Emergency! Someone has animal bite at my Home.,Medical/Hospital,,
Emergency! I see fire on the balcony at Kazanchis.,Fire Force,,
Emergency! choking at Gas Station,Medical/Hospital,amharic,
"Hey Hi, good morning?",Other,,
Quick question: testing the app,Other,,
Need firefighters at Central Bank for electrical sparks,Fire Force,afaan_oromo,
Emergency! Reporting car accident with injuries at Bole Road.,Medical/Hospital,,
Please send paramedics to Adama Police Station: burn victim,Medical/Hospital,amharic,
Hafuura baafachuu dadhabe Central Bank,Fire Force,afaan_oromo,
Checking in - hi there,Other,,
Hi Quick question: how are you,Other,,
There is huge flames happening at the Stadium.,Fire Force,,
Send fire truck to Kebele 04: explosion,Fire Force,amharic,
Reporting huge flames at Mexico Square,Fire Force,,0.89
Police emergency! suspicious person at Adama General Hospital,Police,amharic,
Medical emergency at the local Pharmacy: broken leg.,Medical/Hospital,,
Ibidda Atlas area,Medical/Hospital,afaan_oromo,
Hello Just weather report thanks,Other,,
Emergency! Please send paramedics to the local Pharmacy: breathing difficulty.,Medical/Hospital,,
"Hello, just checking",Other,,
Someone has breathing difficulty at CMC Condominium.,Medical/Hospital,,
Need firefighters at the Office for chemical fire,Fire Force,afaan_oromo,
URGENT: person not breathing at the Stadium.,Medical/Hospital,,
Emergency! fainting at Adama General Hospital,Medical/Hospital,,0.85
Send fire truck to the Central Bank - transformer fire.,Fire Force,,
Help! warehouse fire at Piazza!,Fire Force,,
Medical emergency at the construction site: burn victim.,Medical/Hospital,,
Reporting break-in at Train Station,Police,amharic,
Emergency! There is flames spreading happening at the Hospital gate.,Fire Force,,
Send police to Piazza - riot in progress,Police,,0.93
"Hello, testing the app",Other,,
Need police at construction site for riot,Police,afaan_oromo,
Hi This is just checking please,Other,,
Need police at CMC Condominium for group with weapons,Police,amharic,
Medical emergency at construction site: head injury,Medical/Hospital,,0.95
Emergency! Please send paramedics to the Stadium: animal bite.,Medical/Hospital,,
Emergency! I see thick smoke at the shopping mall.,Fire Force,,
Police emergency! harassment at an Apartment building,Police,,0.97
This is thank you,Other,,
Quick question: hi there,Other,,
Officer required at Kazanchis: drug dealing,Police,amharic,
Emergency! There is a person with heavy bleeding at the Stadium.,Medical/Hospital,,
"Kitchen fire, burn victim at Atlas area",Fire Force,,0.63
Balaan gahe Sarbet,Police,afaan_oromo,
Person with woman in labor at an Apartment building,Medical/Hospital,,0.94
Reporting heavy bleeding at the Office.,Medical/Hospital,,
"Kitchen fire, burn victim at High School",Fire Force,,0.58
Reporting animal bite at the Stadium.,Medical/Hospital,,
Emergency! something burning at the Central Bank.,Fire Force,,
Emergency! electrical sparks at the Bus Terminal.,Fire Force,,
Emergency! Help! brush fire at the Park!,Fire Force,,
Need police at my Home - suspicious person.,Police,,
Witnessed robbery at Summit.,Police,,
Emergency! Send fire truck to Piazza - explosion.,Fire Force,,
Please send paramedics to University campus: poisoning,Medical/Hospital,amharic,
Person with poisoning at Kebele 04,Medical/Hospital,,0.87
Checking in - how are you,Other,,
Send fire truck to construction site: gas leak,Fire Force,,0.94
Need police at Adama Market for car theft,Police,,0.71
Need ambulance at Mexico Square - unconscious,Medical/Hospital,amharic,
Emergency! Reporting flames spreading at Mexico Square.,Fire Force,,
Gargaarsa nan barbaada Bus Terminal,Police,afaan_oromo,
Person with unconscious at Adama General Hospital,Medical/Hospital,afaan_oromo,
Emergency! Reporting electrical sparks at the Park.,Fire Force,,
Emergency! Reporting broken leg at Gerji.,Medical/Hospital,,
Person with overdose at Kebele 02,Medical/Hospital,,0.94
Medical emergency at Adama Market: heavy bleeding.,Medical/Hospital,,
Emergency! Someone has breathing difficulty at my Home.,Medical/Hospital,,
Fire emergency at Fire Station - inferno,Fire Force,,0.86
Reporting vandalism at Mexico Square,Police,,0.95
Person with poisoning at construction site,Medical/Hospital,,0.72
Help! explosion at the University campus!,Fire Force,,
"Hello No emergency, just weather report",Other,,
Please send paramedics to construction site: poisoning,Medical/Hospital,amharic,
ፖሊስ ይደውሉልኝ በKebele 02,Medical/Hospital,amharic,
Emergency! There is harassment happening at Kebele 02.,Police,,
"Hi Hello, app feedback please",Other,,
Officer required at Atlas area: stabbing,Police,afaan_oromo,
Emergency! Send police immediately to Gerji - group with weapons in progress.,Police,,
እስትንፋስ እየተቸገርኩ ነው በan Apartment building,Medical/Hospital,amharic,
Send police to Kebele 04 - stabbing in progress,Police,,0.9
Hospitaala nan barbaada Bus Terminal,Police,afaan_oromo,
Reporting smoke coming from the roof at Mexico Square,Fire Force,afaan_oromo,
"Hi Hello, just checking thanks",Other,,
Reporting armed suspect at Summit,Police,amharic,
Emergency! Need police at Adama Market - car theft.,Police,,
Emergency! Please send paramedics to the Gas Station: person who fell.,Medical/Hospital,,
This is good morning,Other,,
Emergency! unconscious at the Office,Medical/Hospital,,0.57
Need police at Bus Terminal for riot,Police,afaan_oromo,
Send fire truck to High School: explosion,Fire Force,,0.89
Emergency! Please send police to my Home for violent fight.,Police,,
Fire emergency at Summit - chemical fire,Fire Force,,0.88
I see electrical sparks at the local Pharmacy.,Fire Force,,
"Emergency! Please send the fire force to the Hospital gate, there is brush fire.",Fire Force,,
Emergency! There is warehouse fire happening at Sarbet.,Fire Force,,
Officer required at Central Bank: vandalism,Police,,0.93
URGENT: gas leak reported at the Gas Station.,Fire Force,,
Domestic violence with injuries at Train Station,Police,,0.71
Emergency! Reporting fire on the balcony at an Apartment building.,Fire Force,,
Need ambulance at Summit - unconscious,Medical/Hospital,,0.69
Emergency! fainting at Fire Station,Medical/Hospital,amharic,
Help! chemical fire at the Main Road!,Fire Force,,
Emergency! There is a person with overdose at Mexico Square.,Medical/Hospital,,
Hello Just app feedback thanks,Other,,
Hey Quick question: hi there,Other,,
Emergency! animal bite at Piazza,Medical/Hospital,amharic,
Emergency! unconscious at CMC Condominium,Medical/Hospital,,0.61
Reporting transformer fire at Adama Market.,Fire Force,,
Need an ambulance at the Central Bank - unconscious person.,Medical/Hospital,,
እሳት ወጥቷል በthe Office,Medical/Hospital,amharic,
Need an ambulance at the Train Station - person not breathing.,Medical/Hospital,,
Need ambulance at an Apartment building - head injury,Medical/Hospital,afaan_oromo,
"Wrong number, thanks",Other,,
Person with heart attack at Central Bank,Medical/Hospital,,0.89
Gargaarsa nan barbaada Mexico Square,Medical/Hospital,afaan_oromo,
Emergency! Help! explosion at Bole Road!,Fire Force,,
Emergency! Reporting thief at the Stadium.,Police,,
Officer required at Atlas area: group with weapons.,Police,,
Emergency! I see burning smell at the main Factory.,Fire Force,,
Testing the app,Other,,
Police emergency! thief at Kebele 04.,Police,,
Emergency! Send police immediately to the Main Road - stabbing in progress.,Police,,
Emergency! Send fire truck to the Park - explosion.,Fire Force,,
"No emergency, just testing",Other,afaan_oromo,
Need ambulance at the Office - seizure,Medical/Hospital,afaan_oromo,
Emergency! Please send paramedics to a back alley: burn victim.,Medical/Hospital,,
Checking in - thank you please,Other,,
Need ambulance at University campus - woman in labor,Medical/Hospital,afaan_oromo,
Emergency! chemical fire at Sarbet,Fire Force,amharic,
Medical emergency at the local Pharmacy: several injured people.,Medical/Hospital,,
"Fire in apartment, someone trapped at Summit",Fire Force,,0.61
Reporting fire at Summit,Fire Force,amharic,
"Fire in apartment, someone trapped at Mexico Square",Fire Force,,0.62
Domestic violence with injuries at Adama General Hospital,Police,,0.58
Officer required at Mexico Square: shooting,Police,,0.86
"Emergency! Please send the fire force to the University campus, there is explosion.",Fire Force,,
"Hello, testing",Other,amharic,
Hello Checking in - testing the app,Other,,
Reporting assault at Bus Terminal,Police,amharic,
Fire emergency at Adama Police Station - thick smoke,Fire Force,afaan_oromo,
Hello This is hello please,Other,,
Need police at CMC Condominium for stolen goods,Police,,0.96
Emergency medical assistance needed at the Park for head injury.,Medical/Hospital,,
እስትንፋስ እየተቸገርኩ ነው በAdama Market,Fire Force,amharic,
Need police at Summit for vandalism,Police,,0.89
Emergency! Officer required at the main Factory: vandalism.,Police,,
Send fire truck to Piazza - burning smell.,Fire Force,,
"Hi general question, thanks please",Other,,
Emergency medical assistance needed at Summit for head injury.,Medical/Hospital,,
Medical emergency at High School: woman in labor,Medical/Hospital,amharic,
Emergency! Reporting brush fire at the Stadium.,Fire Force,,
Police emergency! harassment at Piazza,Police,afaan_oromo,
"Hey Hello, good morning",Other,,
"Hey No emergency, just hello world",Other,,
Send police to Bus Terminal - burglary in progress,Police,,0.96
Police emergency! riot at Bus Terminal,Police,amharic,
Please send paramedics to Mexico Square: stroke,Medical/Hospital,amharic,
Reporting riot at Summit,Police,,0.86
Emergency! Need police at an Apartment building - stolen goods.,Police,,
Need police at the Office for domestic dispute,Police,,0.95
Medical emergency! person who fell at the University campus.,Medical/Hospital,,
Emergency! Witnessed harassment at the Gas Station.,Police,,
Emergency! Help! massive blaze at the Office!,Fire Force,,
Send police to Atlas area - suspicious person in progress,Police,afaan_oromo,
Need police at Kebele 04 for violent fight,Police,,0.96
Medical emergency at the Hospital gate: poisoning.,Medical/Hospital,,
"Hi, just checking",Other,,
Emergency! There is domestic dispute happening at the Office.,Police,,
Emergency! Please send police to Summit for suspicious person.,Police,,
Need police at Adama General Hospital for vandalism,Police,afaan_oromo,
Person with burn victim at University campus,Medical/Hospital,,0.65
"Robbery, victim having heart attack at Train Station",Police,,0.63
Need ambulance at Gas Station - allergic reaction,Medical/Hospital,afaan_oromo,
Emergency! Please send paramedics to the Train Station: person who fell.,Medical/Hospital,,
Hello Quick question: how are you,Other,,
Need ambulance at High School - head injury,Medical/Hospital,amharic,
Hey Checking in - just checking please,Other,,
"Emergency! Please send the fire force to the Hospital gate, there is fire in the basement.",Fire Force,,
Emergency! Reporting smoke coming from the roof at Mexico Square.,Fire Force,,
Officer required at Central Bank: break-in,Police,amharic,
Need firefighters at Fire Station for kitchen fire,Fire Force,amharic,
Help! gas leak at the High School!,Fire Force,,
Person with collapsed at CMC Condominium,Medical/Hospital,,0.75
Need an ambulance at Mexico Square - woman in labor.,Medical/Hospital,,
እስትንፋስ እየተቸገርኩ ነው በMain Road,Medical/Hospital,amharic,
Reporting smoke coming from the roof at University campus,Fire Force,amharic,
Checking in - how to use this,Other,,
"Hello Hi, is anyone there",Other,,
Emergency! Reporting poisoning at the main Factory.,Medical/Hospital,,
Emergency! Officer required at the Hospital gate: shooting.,Police,,
"Emergency! Please send the fire force to the Stadium, there is chemical fire.",Fire Force,,
Emergency medical assistance needed at the University campus for stroke.,Medical/Hospital,,
ፖሊስ ይደውሉልኝ በGerji,Police,amharic,
Police emergency! stolen goods at my Home.,Police,,
Reporting explosion at the local Pharmacy.,Fire Force,,
Please send police to an Apartment building for vandalism.,Police,,
Need police at Main Road for domestic dispute,Police,,0.91
"Hey Hi, hello world",Other,,
Reporting thick smoke at Piazza,Fire Force,,0.86
Just hi there thanks,Other,,
Officer required at Summit: drug dealing.,Police,,
Send fire truck to construction site: inferno,Fire Force,amharic,
Hello Quick question: hello please,Other,,
Medical emergency! breathing difficulty at Sarbet.,Medical/Hospital,,
Emergency! Officer required at Kebele 04: break-in.,Police,,
ፖሊስ ይደውሉልኝ በAdama General Hospital,Police,amharic,
"Emergency! Please send the fire force to Mexico Square, there is small fire.",Fire Force,,
There is inferno happening at Kebele 04.,Fire Force,,
Need firefighters at Adama Police Station for explosion,Fire Force,amharic,
There is a person with choking incident at Atlas area.,Medical/Hospital,,
Send fire truck to Central Bank: warehouse fire,Fire Force,,0.83
Need firefighters at University campus for explosion,Fire Force,,0.96
URGENT: fainting spell at the Main Road.,Medical/Hospital,,
Medical emergency at construction site: bleeding,Medical/Hospital,,0.76
Emergency! Officer required at Atlas area: violent fight.,Police,,
Send police to Atlas area - assault in progress,Police,,0.91
ሆስፒታል ያስፈልገኛል በTrain Station,Police,amharic,
Emergency! Please send paramedics to Sarbet: breathing difficulty.,Medical/Hospital,,
Checking in - app feedback please,Other,,
Medical emergency at Kazanchis: heavy bleeding.,Medical/Hospital,,
Person bleeding after stabbing at Adama Police Station,Medical/Hospital,,0.65
Medical emergency! person not breathing at the Hospital gate.,Medical/Hospital,,
Police emergency! domestic dispute at the Bus Terminal.,Police,,
Emergency! I see inferno at my Home.,Fire Force,,
"Hi Hi, general question?",Other,,
Police emergency! group with weapons at Kazanchis.,Police,,
"Is anyone there, thanks please",Other,,
Emergency! Reporting kidnapping attempt at the Office.,Police,,
Emergency! warehouse fire at the Gas Station.,Fire Force,,
Emergency! Reporting person not breathing at Kazanchis.,Medical/Hospital,,
Need firefighters at Adama Market for huge flames.,Fire Force,,
There is armed suspect happening at the main Factory.,Police,,
Emergency medical assistance needed at the construction site for car accident with injuries.,Medical/Hospital,,
Emergency! Reporting transformer fire at the Stadium.,Fire Force,,
Emergency! car accident with injuries at Kebele 04,Medical/Hospital,afaan_oromo,
Send fire truck to Piazza: flames spreading,Fire Force,amharic,
Medical emergency! heavy bleeding at the Hospital gate.,Medical/Hospital,,
Reporting explosion at Piazza.,Fire Force,,
Hey Checking in - good morning?,Other,,
Need ambulance at Atlas area - overdose,Medical/Hospital,amharic,
Emergency! There is break-in happening at the Bus Terminal.,Police,,
Please send paramedics to Kazanchis: animal bite,Medical/Hospital,amharic,
Emergency! I see chemical fire at Mexico Square.,Fire Force,,
Emergency! Help! smoke coming from the roof at Adama Market!,Fire Force,,
Emergency! There is harassment happening at Summit.,Police,,
Officer required at an Apartment building: kidnapping attempt,Police,,0.79
Reporting brush fire at Kebele 04,Fire Force,,0.89
Hey Just time check please,Other,,
Reporting riot at the shopping mall.,Police,,
Medical emergency! stroke at the University campus.,Medical/Hospital,,
እርዳታ ያስፈልገኛል በconstruction site,Medical/Hospital,amharic,
Medical emergency at University campus: choking,Medical/Hospital,,0.87
Hello testing the app thanks,Other,,
Police emergency! break-in at Kebele 04,Police,afaan_oromo,
Send fire truck to Gas Station: explosion,Fire Force,afaan_oromo,
Reporting car theft at Sarbet,Police,amharic,
Emergency! I see kitchen fire at the Bus Terminal.,Fire Force,,
Please send paramedics to CMC Condominium: car accident with injuries,Medical/Hospital,,0.95
Need police at Mexico Square for stabbing,Police,,0.88
Hey This is thank you please,Other,,
Police emergency! suspicious person at Sarbet.,Police,,
Officer required at Main Road: thief,Police,afaan_oromo,
Emergency! Send fire truck to the Central Bank - burning smell.,Fire Force,,
Emergency! massive blaze at the Bus Terminal.,Fire Force,,
Send fire truck to Bus Terminal: inferno,Fire Force,,0.77
Emergency! Help! smoke coming from the roof at Piazza!,Fire Force,,
Need firefighters at High School for burning smell,Fire Force,afaan_oromo,
Car accident with fire at Central Bank,Fire Force,,0.65
Police emergency! domestic dispute at Sarbet,Police,amharic,
URGENT police response needed: vandalism at CMC Condominium.,Police,,
Emergency! Send police immediately to an Apartment building - domestic dispute in progress.,Police,,
"No emergency, just thank you",Other,,
There is something burning happening at Adama Market.,Fire Force,,
Emergency medical assistance needed at the Train Station for seizure.,Medical/Hospital,,
Please send paramedics to Piazza: burn victim,Medical/Hospital,,0.96
Need firefighters at Adama General Hospital for fire,Fire Force,afaan_oromo,
Officer required at Summit: kidnapping attempt.,Police,,
Emergency! Need firefighters at the University campus for warehouse fire.,Fire Force,,
Need ambulance at High School - collapsed,Medical/Hospital,afaan_oromo,
Emergency! Someone has seizure at Gerji.,Medical/Hospital,,
"Hi, hi there",Other,,
Send police immediately to the High School - assault in progress.,Police,,
Emergency! Help! something burning at Piazza!,Fire Force,,
Need police at Mexico Square for riot,Police,amharic,
Medical emergency at Bole Road: stroke.,Medical/Hospital,,
"Hey just checking, thanks",Other,,
Person with seizure at Mexico Square,Medical/Hospital,afaan_oromo,
Send police to Kebele 02 - thief in progress,Police,,0.67
"Kitchen fire, burn victim at shopping mall",Fire Force,,0.64
Officer required at the Central Bank: drug dealing.,Police,,
እሳት ወጥቷል በAtlas area,Police,amharic,
Emergency! I see something burning at the Train Station.,Fire Force,,
Need ambulance at Adama Market - burn victim,Medical/Hospital,afaan_oromo,
Emergency! Need firefighters at Summit for something burning.,Fire Force,,
Quick question: just checking,Other,,
Please send paramedics to University campus: unconscious,Medical/Hospital,afaan_oromo,
"Hey Hello, is anyone there thanks",Other,,
Reporting break-in at University campus,Police,amharic,
አደጋ ደረሰ በthe Office,Medical/Hospital,amharic,
"Hello, app feedback please",Other,,
"No emergency, just weather report?",Other,,
Send fire truck to CMC Condominium: chemical fire,Fire Force,amharic,
There is a person with head injury at a back alley.,Medical/Hospital,,
"Robbery, victim having heart attack at Kebele 02",Police,,0.73
Please send paramedics to Piazza: woman in labor,Medical/Hospital,,0.86
Reporting thief at Bus Terminal,Police,,0.92
Emergency! Reporting inferno at the shopping mall.,Fire Force,,
Reporting armed suspect at Kebele 04.,Police,,
"Hello Hello, testing the app?",Other,,
Emergency! massive blaze at Main Road,Fire Force,amharic,
Car accident with fire at Mexico Square,Fire Force,,0.56
Please send paramedics to shopping mall: allergic reaction,Medical/Hospital,amharic,
Person bleeding after stabbing at the Office,Medical/Hospital,,0.72
Send police to Adama Market - violent fight in progress,Police,afaan_oromo,
Emergency! Please send paramedics to the Main Road: several injured people.,Medical/Hospital,,
Hello Checking in - hello thanks,Other,,
Person with overdose at Adama Police Station,Medical/Hospital,amharic,
Send fire truck to the construction site - explosion.,Fire Force,,
There is inferno happening at an Apartment building.,Fire Force,,
"Hey Hi, how to use this please",Other,,
Police emergency! burglary at Gerji,Police,amharic,
Emergency! Reporting stabbing at Kazanchis.,Police,,
Emergency! Witnessed robbery at the Main Road.,Police,,
Emergency! fire on the balcony at construction site,Fire Force,,0.9
Emergency! Someone has person not breathing at the Central Bank.,Medical/Hospital,,
Need police at Adama Market for break-in,Police,amharic,
Reporting something burning at Piazza,Fire Force,amharic,
URGENT: heart attack at an Apartment building.,Medical/Hospital,,
Emergency! Someone has burn victim at the Bus Terminal.,Medical/Hospital,,
Send fire truck to Adama Market: kitchen fire,Fire Force,amharic,
"Hello Hello, wrong number thanks",Other,,
ሰረቁኝ በMain Road,Police,amharic,
Police emergency! violent fight at the Park.,Police,,
Person with head injury at Main Road,Medical/Hospital,,0.92
Hey app feedback thanks,Other,,
Emergency! Send police immediately to the Bus Terminal - stolen goods in progress.,Police,,
Need police at Adama Market for harassment,Police,amharic,
Emergency! Reporting stolen goods at Gerji.,Police,,
Emergency! transformer fire at Kebele 04,Fire Force,afaan_oromo,
Hey Checking in - thank you thanks,Other,,
Emergency! Reporting inferno at Bole Road.,Fire Force,,
Emergency! There is a person with heavy bleeding at Sarbet.,Medical/Hospital,,
Emergency! Send fire truck to the University campus - explosion.,Fire Force,,
Please send paramedics to High School: burn victim,Medical/Hospital,amharic,
Need firefighters at Central Bank for thick smoke,Fire Force,afaan_oromo,
URGENT: warehouse fire reported at Mexico Square.,Fire Force,,
Emergency! Reporting warehouse fire at the Main Road.,Fire Force,,
Hello Checking in - thank you please,Other,,
Send police to Central Bank - robbery in progress,Police,,0.97
Need police at the Stadium - robbery.,Police,,
Need police at Adama Market for thief,Police,afaan_oromo,
Send fire truck to the Stadium - massive blaze.,Fire Force,,
Hey Checking in - how are you please,Other,,
Emergency! Someone has unconscious person at Bole Road.,Medical/Hospital,,
Need an ambulance at an Apartment building - stroke.,Medical/Hospital,,
Hello Quick question: time check please,Other,,
Gargaarsa nan barbaada Kazanchis,Fire Force,afaan_oromo,
Lapheen ni dhukkuba Piazza,Fire Force,afaan_oromo,
Emergency! Send fire truck to the Office - burning smell.,Fire Force,,
Hi Just system test please,Other,,
Medical emergency at the Hospital gate: person not breathing.,Medical/Hospital,,
ልቤ ይታመማል በthe Office,Medical/Hospital,amharic,
Need an ambulance at the Office - collapsed person.,Medical/Hospital,,
"Robbery, victim having heart attack at an Apartment building",Police,,0.59
There is shooting happening at the Train Station.,Police,,
Please send paramedics to the local Pharmacy: choking incident.,Medical/Hospital,,
Medical emergency at Adama Market: car accident with injuries,Medical/Hospital,,0.91
Emergency! explosion at Mexico Square,Fire Force,afaan_oromo,
Emergency! Send police immediately to the local Pharmacy - shooting in progress.,Police,,
Emergency! Help! small fire at the Bus Terminal!,Fire Force,,
Emergency! fire in the basement at the Office,Fire Force,amharic,
Emergency! Witnessed vandalism at Bole Road.,Police,,
Emergency! burning smell at the Office,Fire Force,,0.95
URGENT: overdose at the Gas Station.,Medical/Hospital,,
Need police at High School for riot,Police,afaan_oromo,
Hello Just is anyone there thanks,Other,,
Reporting violent fight at Piazza,Police,afaan_oromo,
Officer required at Adama General Hospital: stolen goods,Police,amharic,
Car accident with fire at High School,Fire Force,,0.67
Need police at the Office for vandalism,Police,afaan_oromo,
Need police at Bus Terminal for violent fight,Police,amharic,
Hello This is system test please,Other,,
Police emergency! group with weapons at an Apartment building,Police,amharic,
Fire emergency at High School - kitchen fire,Fire Force,amharic,
Emergency! There is a person with head injury at the construction site.,Medical/Hospital,,
Officer required at Train Station: thief,Police,amharic,
Hey Quick question: app feedback please,Other,,
Police emergency! mugging at Mexico Square,Police,amharic,
Emergency! huge flames at Gas Station,Fire Force,afaan_oromo,
Need firefighters at Adama General Hospital for something burning,Fire Force,amharic,
Help! massive blaze at CMC Condominium!,Fire Force,,
Reporting thick smoke at Main Road,Fire Force,,0.7
Emergency medical assistance needed at the Main Road for head injury.,Medical/Hospital,,
Please send paramedics to Kebele 04: burn victim,Medical/Hospital,afaan_oromo,
Emergency! There is vandalism happening at Kebele 02.,Police,,
Send fire truck to the Hospital gate - thick smoke.,Fire Force,,
Emergency! Please send paramedics to the Stadium: car accident with injuries.,Medical/Hospital,,
"Gas leak, people unconscious at Train Station",Fire Force,,0.71
Police emergency! violent fight at Gerji,Police,afaan_oromo,
Emergency! heart attack at an Apartment building,Medical/Hospital,,0.92
URGENT police response needed: suspicious person at the Stadium.,Police,,
Emergency! Help! thick smoke at the Hospital gate!,Fire Force,,
Reporting person who fell at Summit.,Medical/Hospital,,
Need ambulance at Sarbet - head injury,Medical/Hospital,amharic,
Police emergency! stolen goods at Kebele 02,Police,amharic,
Officer required at Sarbet: armed suspect,Police,afaan_oromo,
Emergency! Help! smoke coming from the roof at the Train Station!,Fire Force,,
Just weather report,Other,,
Send fire truck to an Apartment building: fire in the basement,Fire Force,amharic,
Emergency! There is a person with woman in labor at Adama Market.,Medical/Hospital,,
Please send paramedics to Adama General Hospital: woman in labor,Medical/Hospital,amharic,
Hey Just system test thanks,Other,,
Medical emergency at High School: bleeding,Medical/Hospital,,0.92
Emergency! smoke coming from the roof at Bole Road.,Fire Force,,
Medical emergency! heavy bleeding at Kazanchis.,Medical/Hospital,,
Please send paramedics to High School: head injury,Medical/Hospital,amharic,
URGENT police response needed: car theft at an Apartment building.,Police,,
Emergency medical assistance needed at Kebele 02 for fainting spell.,Medical/Hospital,,
Police emergency! kidnapping attempt at Fire Station,Police,afaan_oromo,
Need police at Central Bank for mugging,Police,amharic,
There is vandalism happening at an Apartment building.,Police,,
Please send paramedics to Summit: bleeding,Medical/Hospital,amharic,
Emergency! Reporting violent fight at Sarbet.,Police,,
"Fire in apartment, someone trapped at Bus Terminal",Fire Force,,0.73
Emergency! explosion at Bole Road.,Fire Force,,
"Hey just checking, thanks please",Other,,
አደጋ ደረሰ በPiazza,Police,amharic,
Reporting explosion at Central Bank,Fire Force,,0.86
Send fire truck to shopping mall: chemical fire,Fire Force,,0.92
Officer required at Central Bank: group with weapons,Police,amharic,
"Hey thank you, thanks thanks",Other,,
"Please send the fire force to Adama Market, there is chemical fire.",Fire Force,,
Emergency! There is stabbing happening at Kebele 02.,Police,,
Help! warehouse fire at the Train Station!,Fire Force,,
Poolisiin na biliisa Gas Station,Fire Force,afaan_oromo,
Hi thank you please,Other,,
Need police at construction site for vandalism,Police,,0.95
Checking in - app feedback,Other,,
"Please send the fire force to the local Pharmacy, there is inferno.",Fire Force,,
"No emergency, just hello",Other,,
Emergency! Please send paramedics to Kazanchis: woman in labor.,Medical/Hospital,,
Person with car accident with injuries at Mexico Square,Medical/Hospital,,0.92
